return_id,user_id,order_id,return_rate_30d,return_rate_90d,avg_order_value,time_since_signup_days,return_to_purchase_gap_days,category_return_concentration,order_value,refund_amount,is_fraud
ret_277262ec2b,user_3c8c3788ae,order_219f1e2972,0.5,0.5,10297.28,248,26,0.4,534.73,444.86,False
ret_bf802419a5,user_3c8c3788ae,order_1400b50e98,0.5,0.5,10297.28,441,25,0.4,921.63,799.35,False
ret_e2e2af92e3,user_759bb91128,order_4a65378b64,0.2,0.1667,11366.1,35,19,0.5,3313.85,3278.69,False
ret_c9aa8bf93f,user_0103a65138,order_ff82d6a422,0.2727,0.2727,7355.34,24,14,0.8182,1453.09,1265.44,False
ret_cd04340dbc,user_0103a65138,order_a6227acf5a,0.2,0.1667,7355.34,254,30,0.8182,4574.39,3728.48,False
ret_62d1929798,user_0103a65138,order_5d06c81427,0.2727,0.2727,7355.34,21,3,0.8182,1095.4,1079.27,False
ret_d0b2c058a4,user_b761d1efb5,order_62b5f46a9f,0.25,0.25,18889.41,21,9,0.5,805.82,708.44,False
ret_fc9eaac9d4,user_722d2c2bc1,order_c32de5a283,0.5,0.3333,11296.52,248,29,0.4,9682.48,8006.04,False
ret_a5feb5673d,user_66257463e2,order_5d50f18188,1.0,1.0,2203.54,258,24,1.0,2406.09,2137.49,False
ret_d9838a0d66,user_66257463e2,order_880dfe1c0c,1.0,1.0,2203.54,387,3,1.0,2001.0,1979.01,False
ret_59e3e4f817,user_ff346ec168,order_f76bbceb66,0.1818,0.1818,9766.88,37,9,0.5455,4099.49,3426.0,False
ret_b81f00d76b,user_ff346ec168,order_11a3aecfb2,0.1818,0.1818,9766.88,21,14,0.5455,1244.08,995.68,False
ret_0514cdf6bb,user_24445a2eaf,order_23f0034374,0.0833,0.0833,17821.03,45,22,0.4167,2440.84,2261.65,False
ret_d9a089d482,user_d807c88209,order_d3e4cbf45f,0.2,0.2,8018.03,30,14,0.4,4106.37,3556.84,False
ret_0c802b57d6,user_d807c88209,order_4b7e84d47f,0.2,0.2,8018.03,27,12,0.4,3369.48,2896.82,False
ret_46688a8020,user_b4b6fa4857,order_2d15394dd6,0.75,0.3333,7327.32,46,21,0.7778,2012.58,1637.68,False
ret_6e5684edff,user_b4b6fa4857,order_a9a63330d6,0.5,0.3333,7327.32,37,8,0.7778,1242.7,1043.71,False
ret_92e73fc591,user_b4b6fa4857,order_eecc2cde60,1.0,1.0,7327.32,214,16,0.7778,3300.16,3081.99,False
ret_0992fbc29e,user_e3fbf48791,order_a64f954fc3,0.3333,0.25,6335.78,510,29,0.5,2520.29,2243.46,False
ret_19c0804d01,user_50a099207e,order_2d3bf809e2,1.0,1.0,13358.64,268,19,0.5556,4068.2,4049.17,False
ret_b57453ff37,user_50a099207e,order_c5d17a4157,0.3333,0.3333,13358.64,29,12,0.5556,3117.0,2605.46,False
ret_f03ab4a90f,user_50a099207e,order_978db7b166,0.3333,0.3333,13358.64,12,2,0.5556,26679.22,26542.06,False
ret_1f96cde2fa,user_4dc55ea42e,order_06ec583eb2,0.1111,0.1111,10136.46,17,15,0.4444,3032.78,2844.37,False
ret_695f1da859,user_40a1156fa7,order_3b4817628a,1.0,1.0,7865.14,186,9,0.5833,1626.66,1406.5,False
ret_99ad314274,user_40a1156fa7,order_48490c0d2d,0.6667,0.25,7865.14,108,17,0.5833,681.04,594.11,False
ret_5a7e8cd73e,user_2bc9f1b3b7,order_6fd89014e2,0.1667,0.1667,3279.08,40,18,1.0,3335.1,2764.56,False
ret_f50a4e43d9,user_6797a78cef,order_8571a500a3,1.0,1.0,2206.3,328,2,0.5,1948.0,1607.59,False
ret_b97bc2f9cd,user_6797a78cef,order_497eba3244,1.0,1.0,2206.3,505,30,0.5,3989.95,3556.58,False
ret_df70c721dd,user_06b2d3f320,order_098176cdf0,1.0,1.0,14968.58,629,28,0.75,54398.6,47680.85,False
ret_ebf992fbea,user_06b2d3f320,order_c963cb7620,1.0,1.0,14968.58,465,1,0.75,3568.1,3495.96,False
ret_4da8097426,user_1406c81330,order_4f39d338b7,0.25,0.2222,4678.36,33,10,0.4444,4844.57,4192.22,False
ret_76dadeb02d,user_1406c81330,order_bdb87f609c,0.2222,0.2222,4678.36,19,18,0.4444,4568.7,4455.82,False
ret_9998e5e981,user_ae6b45ecc9,order_6a71818382,0.2222,0.2222,14525.68,25,2,0.4444,15085.65,14923.51,False
ret_7196361f2f,user_ae6b45ecc9,order_575467a834,0.2222,0.2222,14525.68,19,8,0.4444,25049.87,24485.04,False
ret_615ba9e8f6,user_4a77c5aca5,order_ba37cc1b7e,0.6667,0.6667,2634.61,46,25,0.6667,2525.32,2300.17,False
ret_3ac8012860,user_4a77c5aca5,order_59d95d9a1c,1.0,0.6667,2634.61,54,29,0.6667,2000.79,1839.12,False
ret_9da9adf873,user_02e9953fcc,order_99331fb08a,0.5,0.25,3033.1,58,26,1.0,2394.32,2350.62,False
ret_cb36bd243e,user_e18eb02a42,order_11c878f06a,0.5,0.5,1820.62,34,5,1.0,985.83,842.89,False
ret_3a8a3376c5,user_be9cb56f7a,order_7386ab0b11,0.25,0.25,15847.66,186,10,0.5455,4496.41,4137.07,False
ret_f89f1a7adc,user_be9cb56f7a,order_3aa6fb3aeb,0.5,0.25,15847.66,515,9,0.5455,29507.54,26994.09,False
ret_ab142e7aa9,user_be9cb56f7a,order_bb5c1278be,0.3333,0.2727,15847.66,54,30,0.5455,36014.97,33550.33,False
ret_1610c4adda,user_7a42ea9101,order_998a483f98,0.3333,0.3333,2542.99,5,3,0.6667,1829.07,1562.8,False
ret_ff6883e8dd,user_7a42ea9101,order_3049f8b562,0.3333,0.3333,2542.99,30,17,0.6667,2887.17,2375.46,False
ret_a5a8fa428e,user_068f07f9e5,order_2994ad500f,1.0,1.0,24088.86,123,24,0.5,1856.39,1645.0,False
ret_302ea47560,user_91dac075f0,order_5e1f76d18a,0.4,0.4,6329.95,354,17,0.5714,4847.9,4066.33,False
ret_9f56f9e3c9,user_91dac075f0,order_511e22f2ec,0.25,0.4,6329.95,408,4,0.5714,2465.2,2044.36,False
ret_edf7b7703d,user_2594af90e4,order_9dc32a1dc7,0.3333,0.3333,17487.71,18,4,0.5833,3036.81,2922.0,False
ret_6872b2c750,user_2594af90e4,order_37408d7bb5,0.3333,0.3333,17487.71,41,21,0.5833,53158.79,44361.64,False
ret_d95f2c212e,user_2594af90e4,order_fe3f5e571e,0.3333,0.3333,17487.71,23,21,0.5833,2159.32,2007.0,False
ret_f6ae92bcfd,user_2594af90e4,order_fb3edd511d,0.3333,0.3333,17487.71,9,3,0.5833,4144.17,3798.33,False
ret_5fa6d3f7f9,user_448cc766e2,order_d175793bac,0.5,1.0,13872.68,284,12,0.4167,3177.69,2972.01,False
ret_063d95199c,user_448cc766e2,order_230e74e86c,0.6667,0.4,13872.68,205,16,0.4167,2381.96,2321.99,False
ret_ea50614889,user_3fd5abe6c0,order_186d15606c,0.6667,0.6667,1843.79,16,2,0.6667,3934.03,3459.16,False
ret_e1d71e8683,user_3fd5abe6c0,order_4427dc12b3,1.0,0.6667,1843.79,58,30,0.6667,899.5,737.43,False
ret_9f73588f74,user_6b27e34cf8,order_ae4dddda8a,1.0,1.0,3954.42,211,5,1.0,3674.91,3343.29,False
ret_e1988d7ed7,user_0be08099ad,order_c552585e35,1.0,0.6667,9880.24,401,22,0.6667,1048.32,856.61,False
ret_a1a5ef75e7,user_0be08099ad,order_b7af3cc501,1.0,0.6667,9880.24,378,1,0.6667,3266.64,2846.61,False
ret_8320fe3165,user_9c7c1fae2e,order_a29f01c3f0,0.3333,0.3333,15832.98,30,23,0.3333,2085.35,1992.01,False
ret_a458b70f37,user_8bc5172bae,order_6809ad88c2,0.1667,0.1667,16830.35,27,22,0.5,4804.15,4127.38,False
ret_e77668d307,user_01e9a99e8a,order_e40b5ffab4,0.5,0.5,11190.68,261,5,0.4444,690.6,625.61,False
ret_d168a5a412,user_01e9a99e8a,order_e76d8ebfcb,0.5556,0.5556,11190.68,18,6,0.4444,502.61,452.25,False
ret_b775488438,user_01e9a99e8a,order_13dd228c40,0.5556,0.5556,11190.68,30,25,0.4444,4104.93,3497.64,False
ret_2cf9252bb0,user_01e9a99e8a,order_f27a7e4cd3,0.5,0.5,11190.68,250,3,0.4444,3403.23,3030.27,False
ret_b58413631e,user_01e9a99e8a,order_9b952cd669,0.5556,0.5556,11190.68,26,22,0.4444,3052.6,3032.8,False
ret_f96dd15901,user_daf83ced84,order_35b3a085ef,0.375,0.3636,8166.98,50,30,0.5455,4230.74,3861.5,False
ret_582c5dfad7,user_daf83ced84,order_ab8ff7af72,1.0,0.5,8166.98,489,7,0.5455,4598.21,4383.9,False
ret_0ed3f663ee,user_daf83ced84,order_ee18a4d8d3,0.4,0.3333,8166.98,256,29,0.5455,1698.88,1572.2,False
ret_5627f66528,user_daf83ced84,order_b060f045f8,0.3636,0.3636,8166.98,15,8,0.5455,1951.97,1875.72,False
ret_a622079bc2,user_78afef0bef,order_6f0385be32,0.75,0.375,2306.21,72,19,0.875,2599.13,2262.75,False
ret_21f34c2b96,user_78afef0bef,order_be7ed30625,0.6667,0.6667,2306.21,167,4,0.875,4393.88,3893.79,False
ret_29344fc2ab,user_78afef0bef,order_1728c70695,1.0,0.5,2306.21,321,18,0.875,1888.43,1619.74,False
ret_d08faa3e87,user_277c2e161c,order_ac35107164,0.4,0.4,7131.99,25,12,0.8,1911.62,1787.7,False
ret_da8f9bc75e,user_277c2e161c,order_23d48be388,0.4,0.4,7131.99,31,10,0.8,1433.04,1210.88,False
ret_416be3189d,user_1e4a95850a,order_67759cfa66,0.1429,0.1429,12623.54,174,24,0.5714,3080.65,2826.08,False
ret_f8a309bf9a,user_bc45bc76b0,order_b89e5892c2,0.5,0.1111,6645.18,76,6,0.4444,766.23,725.03,False
ret_f4c3e7d672,user_f4cee332e3,order_59e7917e76,0.5,0.5,17080.38,359,19,0.5,1493.82,1341.1,False
ret_4258993262,user_f4cee332e3,order_41b5f21256,0.2,0.2,17080.38,16,5,0.5,2547.4,2299.41,False
ret_ba8f48a624,user_1f0438e31f,order_461ac9b650,0.4286,0.3333,12355.8,37,26,0.4444,44298.79,41288.22,False
ret_9557306d5a,user_1f0438e31f,order_89992055f0,0.3333,0.3333,12355.8,8,4,0.4444,4838.65,4445.7,False
ret_4ceabe66bd,user_1f0438e31f,order_75d48be0c1,0.3333,0.3333,12355.8,21,7,0.4444,602.31,572.72,False
ret_33f7eb7587,user_8c487f3290,order_bb4ecb519f,0.25,0.25,3559.96,26,13,0.4167,12157.72,11364.24,False
ret_aa0cada89a,user_8c487f3290,order_6bc2b61e46,0.4,0.4,3559.96,263,26,0.4167,4719.28,4494.36,False
ret_387df10320,user_8c487f3290,order_bf345fe549,0.25,0.4,3559.96,306,24,0.4167,4322.03,3559.03,False
ret_fdd02f0060,user_393dfbb016,order_3978f56543,0.25,0.1429,8724.41,49,25,0.5714,4915.93,4740.52,False
ret_9f4703de5d,user_68a9a55da1,order_0c58d75d2c,1.0,1.0,9769.25,193,29,0.8571,4226.28,4114.81,False
ret_f5f430c7ba,user_68a9a55da1,order_e55b0e60c5,2.0,1.0,9769.25,217,3,0.8571,51776.71,48508.86,False
ret_8f4c4dc2a3,user_0252fd4ee0,order_397a42142a,0.5,0.25,7537.12,255,8,0.5,3854.55,3633.38,False
ret_7e29323b3d,user_0252fd4ee0,order_c53f86e4a4,0.25,0.25,7537.12,25,13,0.5,3960.53,3419.27,False
ret_e578ee295b,user_99d32270b7,order_731e7b0ae7,0.5,0.5,3395.69,42,17,0.75,918.79,766.19,False
ret_747c2714bd,user_99d32270b7,order_4c8ef2aa3b,0.5,0.5,3395.69,166,9,0.75,2233.57,2007.14,False
ret_7be4d19526,user_0b47aaefe4,order_d042c1b02a,0.1111,0.1111,8468.1,32,26,0.5556,1942.99,1667.6,False
ret_7d6322f940,user_e5132237a9,order_72f7f2a305,0.3333,0.2857,4649.44,43,20,0.5714,2642.73,2580.94,False
ret_6121f5d7de,user_e5132237a9,order_6b54068f5f,0.3333,0.2857,4649.44,41,28,0.5714,1220.61,1107.55,False
ret_6a00f11b27,user_fc97be5248,order_619f366a69,0.5,0.5,7286.24,151,2,0.8333,1573.58,1345.36,False
ret_a82dd4f706,user_f0d40c7b69,order_a68bcc9161,0.1667,0.1667,12391.09,29,17,0.5,47521.26,45143.32,False
ret_cb721b0077,user_f0d40c7b69,order_f519c5410d,0.3333,0.1667,12391.09,92,18,0.5,9696.07,8528.11,False
ret_753bfff135,user_01f3b47b32,order_05985c156e,0.3333,0.3333,3003.6,27,13,0.8333,4359.43,4033.0,False
ret_b169b7c889,user_01f3b47b32,order_a417779e87,0.3333,0.3333,3003.6,30,21,0.8333,4811.14,3936.67,False
ret_3faf43c870,user_6f4f4533ea,order_1027d60462,0.3333,0.3333,6815.63,16,4,0.4444,3630.19,3332.21,False
ret_2650ec3886,user_6f4f4533ea,order_fde578ea10,1.0,0.3333,6815.63,65,21,0.4444,1530.26,1249.99,False
ret_63561b5a63,user_6f4f4533ea,order_cf6eb7eb49,0.375,0.3333,6815.63,31,20,0.4444,3425.09,3089.1,False
ret_a266701323,user_9b5866c73c,order_4943f4eb59,1.0,0.5,8717.07,236,3,0.3333,6118.7,5520.66,False
ret_baf3cf2dfc,user_9b5866c73c,order_a36f9a9d0c,0.2857,0.2222,8717.07,42,20,0.3333,46492.38,42855.12,False
ret_1c47f8d4b1,user_bfe92065d4,order_f0f17f6447,0.5,0.25,14855.87,44,19,0.5,2060.17,1906.7,False
ret_17783ee64a,user_98b34babe3,order_89b50db362,0.3333,0.2727,8051.97,39,25,0.5455,975.46,972.06,False
ret_9decd6f4ff,user_98b34babe3,order_f995ecad7f,1.0,2.0,8051.97,201,3,0.5455,2181.57,1831.54,False
ret_edc6b983db,user_98b34babe3,order_814980f921,0.6667,0.6,8051.97,117,29,0.5455,4354.58,4221.57,False
ret_27a51ba9b5,user_b9268286a0,order_2e13a01c07,1.0,0.25,2697.8,69,18,1.0,1758.99,1682.1,False
ret_df99ea3a9a,user_154ee48e67,order_eb034a7951,0.2727,0.2727,17222.65,19,8,0.4545,4961.89,3989.29,False
ret_4dfc4f1367,user_154ee48e67,order_c49e17d77c,0.25,0.2,17222.65,148,23,0.4545,3455.89,2887.37,False
ret_50a6692b2e,user_154ee48e67,order_8db111a734,0.2727,0.2727,17222.65,34,23,0.4545,3166.34,3129.56,False
ret_8e01f1cc49,user_84969831fe,order_639889a268,0.25,0.25,1351.49,325,26,0.5,850.13,698.47,False
ret_13354f2dbc,user_420024cf53,order_2f871a33a5,0.5,0.6,12396.74,256,4,0.6667,1934.23,1566.59,False
ret_c0034f87e6,user_420024cf53,order_ae96d9ef3b,0.5,0.6,12396.74,267,3,0.6667,33728.68,28969.9,False
ret_25f14fd846,user_420024cf53,order_bf4dd28056,0.6,0.5,12396.74,212,21,0.6667,4740.99,4069.49,False
ret_a36cb54c34,user_5c05d5db17,order_dc16c6d248,0.3333,0.25,9819.49,308,10,0.75,4484.72,3658.59,False
ret_ffd4d1f615,user_5c05d5db17,order_da23cd1901,0.25,0.25,9819.49,46,25,0.75,10765.58,9579.3,False
ret_7b4fdf64cf,user_2cf2ee33e5,order_5ae6bd4bee,1.0,1.0,1693.31,159,19,0.6667,1742.9,1599.26,False
ret_ee65d874fb,user_7753592d72,order_d7e66d08f3,0.1429,0.1429,6371.66,35,7,0.7143,3855.87,3789.11,False
ret_40c4eba3ff,user_4c55628b3e,order_621448a6a7,0.4286,0.3,7834.98,56,28,0.7,4012.32,3669.07,False
ret_47de5881f6,user_4c55628b3e,order_073aa31f30,0.5,0.3333,7834.98,349,25,0.7,2121.69,2107.75,False
ret_fefa44f42a,user_4c55628b3e,order_43d8737d2f,0.3333,0.3,7834.98,40,23,0.7,4417.16,4101.55,False
ret_b8dcc9a7de,user_4a1b6cbc35,order_85b632e0f4,0.5,0.125,17444.67,81,18,0.5,2827.82,2623.26,False
ret_0374b7a890,user_ee38c81970,order_7c049aca53,0.3333,0.3333,9717.38,35,11,0.4167,3834.14,3551.21,False
ret_3c287e56c9,user_ee38c81970,order_9933f8f82e,0.2,0.4,9717.38,191,15,0.4167,2856.69,2441.63,False
ret_e5c7110d9a,user_ee38c81970,order_5422124477,0.4,0.3333,9717.38,54,18,0.4167,37997.97,31913.84,False
ret_3a44cf845d,user_ee38c81970,order_e695c138ce,0.3333,0.4444,9717.38,124,24,0.4167,1401.33,1190.8,False
ret_150a28735c,user_ecca332a00,order_5705005a17,1.0,0.5,4178.75,42,23,1.0,3381.44,2783.46,False
ret_fab6f63f97,user_031c426e57,order_76bf4e772a,0.3333,0.3333,14189.76,12,9,0.4167,19464.75,18080.17,False
ret_3c58d2cecf,user_031c426e57,order_aeaf84b5d4,0.3333,0.6,14189.76,384,6,0.4167,4237.94,4131.26,False
ret_61b2779c7d,user_031c426e57,order_3f50dba555,0.5,0.375,14189.76,310,28,0.4167,978.19,930.89,False
ret_0e80676863,user_031c426e57,order_1e8558cf39,0.4,0.4286,14189.76,350,29,0.4167,2343.9,2080.31,False
ret_e80694ed53,user_4d866e8f14,order_f8157af27b,0.2,0.1667,20186.91,125,6,0.5556,39966.57,35909.34,False
ret_946d23bda1,user_d1a1c8028e,order_7f66e11247,0.0909,0.0833,13748.23,35,13,0.4167,3067.87,2692.09,False
ret_48a00bc9ac,user_32d0e2a4d0,order_d52fb16b34,0.5,0.3333,2279.44,38,30,1.0,2428.29,2099.32,False
ret_06c98acd35,user_976bfdc2dc,order_438e8fac0f,0.6,0.5,16037.04,269,17,0.7,2773.13,2674.47,False
ret_c253ac8e5b,user_976bfdc2dc,order_fad28486e0,0.3333,0.5,16037.04,359,21,0.7,1460.09,1224.29,False
ret_eabef2f85f,user_976bfdc2dc,order_76d388be21,0.4444,0.4,16037.04,69,25,0.7,1821.08,1652.8,False
ret_404263447e,user_976bfdc2dc,order_52c1d19483,0.5,0.5,16037.04,243,22,0.7,3510.22,3105.99,False
ret_9258949ac2,user_20561facb0,order_9631588547,0.25,0.25,9249.43,20,19,0.6667,37864.26,34809.79,False
ret_d1d4b63fd3,user_20561facb0,order_9a6ddb8566,0.25,0.25,9249.43,10,7,0.6667,6210.19,5897.56,False
ret_204c231439,user_20561facb0,order_acdd755309,0.3,0.25,9249.43,32,27,0.6667,3473.25,2954.17,False
ret_11a03decd4,user_8aaf3ec0d5,order_d438ad7f88,0.5,0.4,15085.0,36,21,0.5,941.91,867.81,False
ret_7cca7e71e1,user_8aaf3ec0d5,order_ecebb51d6e,3.0,0.4,15085.0,55,27,0.5,1783.12,1649.96,False
ret_3f290350b7,user_8aaf3ec0d5,order_19d7e9abf0,0.5,0.4,15085.0,36,17,0.5,2686.38,2488.46,False
ret_57ad59bdb7,user_8aaf3ec0d5,order_ded318422c,0.4,0.4,15085.0,14,9,0.5,48846.59,44386.6,False
ret_f1c1417ea8,user_d00b3aacbc,order_8b7191a3d5,0.125,0.125,6072.45,28,21,0.625,1484.69,1300.15,False
ret_79306edb35,user_8ba94f20cc,order_997ec3f6d7,0.2857,0.2857,3286.68,5,5,0.7143,2669.5,2441.78,False
ret_0f9d429050,user_8ba94f20cc,order_55948a110d,0.2857,0.2857,3286.68,12,6,0.7143,2815.44,2397.77,False
ret_6ff1d97768,user_2bb18a7101,order_fcc9832931,0.1111,0.1111,14614.38,27,26,0.4444,4557.24,4321.53,False
ret_41f88a8b71,user_1122b3d596,order_8e4a8f261e,0.3333,0.3333,5656.89,34,26,0.6667,4445.45,3837.23,False
ret_4bf83ccf53,user_88a5348616,order_57b2fdbe89,0.1667,0.1667,6244.6,67,13,0.5,4027.05,3854.76,False
ret_282a1e631c,user_7beca91d35,order_a18501ed82,1.0,1.0,2676.11,223,2,0.6,3240.63,3100.61,False
ret_3c710f1853,user_7beca91d35,order_3a44334cb2,1.0,1.0,2676.11,564,8,0.6,4835.88,4502.22,False
ret_861f3e789a,user_92ec45fb9e,order_cc90660512,0.6667,0.6667,9590.41,35,6,0.3333,1783.9,1572.38,False
ret_82d37ffbd6,user_92ec45fb9e,order_2bdd39bc2d,0.6667,0.6667,9590.41,46,17,0.3333,4833.76,4791.91,False
ret_3da18eb725,user_f444cd77d0,order_49bcf43637,0.3333,0.25,7331.52,271,30,0.5,46658.1,38992.04,False
ret_f0198cfa74,user_f1a9c59aff,order_daccfe3d3b,0.5,0.5,1825.12,15,4,1.0,2005.95,1745.61,False
ret_c46a73dedc,user_8298476aeb,order_8753aa3169,0.1818,0.1667,14342.77,60,30,0.5833,1789.36,1745.95,False
ret_867cdbccb4,user_8298476aeb,order_d5d87c828f,1.0,0.5,14342.77,609,12,0.5833,1327.49,1290.42,False
ret_71af5f407c,user_1b3e7ee31b,order_aa873fad9e,0.3333,0.3333,11894.22,34,17,0.5,9836.66,9473.45,False
ret_e1f9d72c68,user_1b3e7ee31b,order_991a2fe3d6,0.5,0.3333,11894.22,222,1,0.5,2146.02,1952.11,False
ret_e3a4d82468,user_95b80268d3,order_e0c25d0741,0.4,0.4,8330.1,32,10,0.4,3817.03,3137.87,False
ret_4c82ab7a13,user_95b80268d3,order_63c83a30e2,0.4,0.4,8330.1,26,1,0.4,1578.03,1310.44,False
ret_d9f14bd1ef,user_570a30a7b1,order_af4bf8ac43,0.25,0.25,14918.69,22,16,0.5,2665.53,2181.15,False
ret_65b43a1025,user_570a30a7b1,order_ad13788e73,0.25,0.25,14918.69,22,12,0.5,937.11,870.5,False
ret_11dab5e319,user_31fd44e3a8,order_b833354724,0.6,0.6,8776.38,36,12,0.8,3012.58,2605.09,False
ret_ebc92eac93,user_31fd44e3a8,order_e22739c141,0.6,0.6,8776.38,24,10,0.8,677.7,653.22,False
ret_3fc7670a11,user_31fd44e3a8,order_5cb24b8f58,0.3333,0.6,8776.38,69,21,0.8,33478.58,30170.61,False
ret_fe2536d500,user_658442a579,order_675de5fbc0,0.5,0.5,15585.41,151,30,0.5714,2854.4,2809.32,False
ret_d9add3a741,user_0f3159daac,order_41e73c4378,1.0,0.6667,25814.21,98,27,0.6,2976.07,2942.35,False
ret_b814205d16,user_0f3159daac,order_ca5940edf2,1.0,1.0,25814.21,141,29,0.6,4929.77,4517.79,False
ret_b7e97e257f,user_2d90b9c00f,order_a10f33a3f6,1.0,0.5,16211.72,208,25,0.375,14611.36,13536.53,False
ret_aefe6409e9,user_2d90b9c00f,order_2933d5decd,0.6667,0.8,16211.72,103,18,0.375,47988.44,43812.61,False
ret_7d1271f365,user_2d90b9c00f,order_1f06426455,0.5,0.5,16211.72,20,2,0.375,4545.61,4248.9,False
ret_888ca2ee76,user_2d90b9c00f,order_58c8c3a11d,0.5,0.5,16211.72,16,14,0.375,4137.54,3549.83,False
ret_b5b81ffba6,user_b78486ebf6,order_568a71784d,1.0,1.0,10139.87,227,2,0.5556,2182.19,1869.71,False
ret_07ef36f07b,user_b78486ebf6,order_b44c468698,1.0,0.5556,10139.87,50,21,0.5556,745.42,737.25,False
ret_85b67dfb97,user_b78486ebf6,order_206557eb2d,0.7143,0.5556,10139.87,46,28,0.5556,4246.0,4172.01,False
ret_0d66ce143d,user_b78486ebf6,order_124bc405e3,1.0,1.0,10139.87,227,28,0.5556,3622.08,3537.61,False
ret_9cf9f6d0de,user_b78486ebf6,order_826752d334,0.5556,0.5556,10139.87,27,11,0.5556,14288.77,12816.06,False
ret_ee40a53d1f,user_6011238f50,order_e76126b602,0.4,0.4,4649.22,379,13,0.5,3579.4,3236.29,False
ret_ed10d25868,user_6011238f50,order_9d886497e4,0.25,0.25,4649.22,471,5,0.5,779.04,689.68,False
ret_7e1b82dfbc,user_11f48a64ac,order_e12799e44c,0.2,0.2,15010.38,30,7,0.4,4277.85,3513.63,False
ret_dcef007fa2,user_5919efd0ed,order_7052143a79,0.1667,0.1667,12949.63,26,0,0.5,4859.67,4642.17,False
ret_6771f75c55,user_d9eda2a1d0,order_af45bf8783,0.2222,0.1818,15190.28,45,19,0.4545,991.92,971.41,False
ret_d40e6bf07f,user_d9eda2a1d0,order_526e2886b4,0.3333,0.3333,15190.28,149,11,0.4545,2670.01,2505.39,False
ret_66a79a50dc,user_723c5a0c68,order_c686effb5d,1.0,0.5,8380.43,414,19,0.5455,4538.88,4534.36,False
ret_407aee23f8,user_196d31a530,order_628a007a3e,0.4,0.1667,14434.2,49,24,0.5,2002.07,1873.22,False
ret_88765f6884,user_196d31a530,order_e03ccebc2b,0.1667,0.1667,14434.2,24,1,0.5,1999.77,1735.46,False
ret_cbda32f5c5,user_3ba948b651,order_8710e7ef1b,0.5,0.5,4203.54,18,15,1.0,3711.55,3629.29,False
ret_cf1c16fee6,user_381571c89a,order_b940dd5cb7,0.1667,0.1429,18707.72,114,29,0.625,3671.05,3389.81,False
ret_1a2076a63e,user_af274848af,order_528b9eacf9,0.6667,0.6667,2598.51,40,23,1.0,3422.53,3142.55,False
ret_7be6fabedb,user_af274848af,order_73e7f34d02,0.6667,0.6667,2598.51,34,22,1.0,1215.59,991.41,False
ret_1d406d29d5,user_fe0abbc896,order_8dc8efe905,0.3333,0.3333,6023.82,463,18,0.6364,1479.25,1426.22,False
ret_8ec3fede8a,user_fe0abbc896,order_f37d89d777,0.1818,0.1818,6023.82,15,6,0.6364,4074.56,3646.63,False
ret_c7475aad3a,user_0c9af70125,order_ea9fabaae4,0.0833,0.0833,10422.02,29,2,0.5833,533.43,523.14,False
ret_8ab819cca8,user_39818786b6,order_390c0cc566,0.1818,0.1818,20798.47,31,19,0.5455,845.88,800.94,False
ret_e0906f7699,user_39818786b6,order_405d32b794,1.0,0.25,20798.47,197,15,0.5455,338.35,297.66,False
ret_c752782c3e,user_03ea6c644d,order_10b8a5e7e5,0.3333,0.2857,8503.88,86,3,0.4286,2890.82,2319.57,False
ret_946661ea95,user_03ea6c644d,order_82d975d4cd,0.2857,0.2857,8503.88,44,20,0.4286,3128.8,2560.57,False
ret_a988af2c65,user_03899709b9,order_73e2e8411b,0.3333,0.4,15343.17,264,3,0.5455,6391.42,5843.48,False
ret_4511f1ce03,user_03899709b9,order_0ca3dba298,0.2857,0.4,15343.17,304,16,0.5455,1046.24,868.14,False
ret_53f27189ee,user_03899709b9,order_6a6bda8fe6,0.1667,0.1667,15343.17,407,13,0.5455,40719.59,34745.51,False
ret_6c63d35ed1,user_03899709b9,order_17a3b9447f,0.4,0.4,15343.17,230,8,0.5455,12349.65,9887.89,False
ret_5120c05811,user_fed8d68f9e,order_43c9d9137d,0.6667,0.6667,13096.04,23,21,0.5,3345.23,2969.22,False
ret_102c18df81,user_fed8d68f9e,order_aa9fd39382,0.5,0.5,13096.04,169,24,0.5,4340.04,4336.9,False
ret_748e719808,user_fed8d68f9e,order_0118fa761a,0.3333,0.5,13096.04,215,18,0.5,2568.38,2385.21,False
ret_876f7d5b99,user_fed8d68f9e,order_11567e14b2,0.8,0.6667,13096.04,48,26,0.5,53994.72,50981.94,False
ret_d5f554ef78,user_aa6000d5f3,order_2172f78b88,1.0,0.5,11145.75,113,6,0.7,3419.54,2965.09,False
ret_05378c156b,user_aa6000d5f3,order_de5be1b342,0.3333,0.3,11145.75,33,26,0.7,3177.4,3080.4,False
ret_8ec47504d5,user_aa6000d5f3,order_a7aecc6597,0.5,0.3,11145.75,54,29,0.7,1411.89,1267.02,False
ret_7243b8e195,user_0180f7c35c,order_f25fd5248b,0.1667,0.1667,9573.76,7,0,0.5,1719.27,1652.27,False
ret_8a9226d7ed,user_0180f7c35c,order_f984855da8,0.1667,0.1667,9573.76,7,0,0.5,3319.09,2728.38,False
ret_7b3d55d9d4,user_99e4998831,order_d11184127c,0.125,0.125,10465.45,15,14,0.625,644.43,610.43,False
ret_09fa9c7b71,user_9563bb6ff7,order_2fb530c038,0.2857,0.2,10451.65,44,30,0.5,1871.76,1517.93,False
ret_9428942197,user_9563bb6ff7,order_ade69cfe53,0.25,0.2,10451.65,34,13,0.5,2317.67,2023.6,False
ret_eaa8041363,user_c018592fb6,order_496edb0bee,0.3333,0.3333,15779.2,39,12,0.3333,44768.04,39865.14,False
ret_de1a33423b,user_45bce17443,order_e995221db2,0.25,0.25,10896.68,278,28,0.7143,4540.76,4360.94,False
ret_2f5292b051,user_1a2741c2b9,order_0e278dd28c,0.3333,0.3333,3481.34,22,11,0.5,1670.03,1527.92,False
ret_d31ab87814,user_1a2741c2b9,order_1ff6b7514c,0.3333,0.3333,3481.34,296,11,0.5,1779.72,1771.9,False
ret_4f61c1b7be,user_645a2f02f6,order_9bdbf6b25f,0.2857,0.2857,2641.55,18,2,0.7143,4865.68,4484.36,False
ret_d9cd220e29,user_645a2f02f6,order_98fa892aa2,0.3333,0.2857,2641.55,56,30,0.7143,3674.53,3503.37,False
ret_38b4f08640,user_cd72d3f11c,order_1636d88f48,0.2857,0.2857,9448.72,240,14,0.5,1886.38,1750.11,False
ret_c5aefab63b,user_cd72d3f11c,order_c945be23cb,0.5,0.2857,9448.72,261,13,0.5,4125.53,3539.26,False
ret_2cc3b236dd,user_1b7f894689,order_9de4594523,0.1667,0.1667,16561.41,14,9,0.3333,53775.82,44772.1,False
ret_da4e2c24fc,user_9e00809959,order_5b41a5649b,0.3333,0.3333,17624.3,29,19,0.3333,3886.83,3382.81,False
ret_94937c8b5a,user_52e0dffacb,order_3eef9bfd54,1.0,0.5,9512.19,424,5,0.5714,1383.58,1340.93,False
ret_95e033e6c1,user_89aac35ef7,order_e81163db1e,0.6667,0.2727,11807.3,73,10,0.3636,3066.06,2733.05,False
ret_e05f357219,user_89aac35ef7,order_40234cea5c,0.2727,0.2727,11807.3,27,5,0.3636,30757.33,27034.53,False
ret_72b154c60d,user_89aac35ef7,order_821a0d5e2d,1.0,0.5,11807.3,110,30,0.3636,3749.61,3668.94,False
ret_093fbb90f7,user_7f6bdec1b9,order_d453b3e9e2,0.4,0.4,28004.83,35,24,0.6,39342.21,31889.63,False
ret_60f534d6aa,user_7f6bdec1b9,order_db71c99c67,0.4,0.4,28004.83,21,6,0.6,3214.24,2817.37,False
ret_a7d380e29f,user_19a6c9581c,order_83a1909940,1.0,0.6667,24458.1,59,25,0.6667,2597.1,2094.09,False
ret_b9c2e737b5,user_19a6c9581c,order_2606cfbf08,2.0,0.6667,24458.1,82,15,0.6667,30434.52,26262.31,False
ret_65a80590f3,user_b95a36f43d,order_1e9f0e6f9b,0.2857,0.2,16161.87,36,21,0.6,992.22,855.71,False
ret_86a75814cd,user_b95a36f43d,order_bc085fc8be,0.2,0.2,16161.87,25,10,0.6,41751.7,34357.23,False
ret_41d04ba013,user_2e8a22e3a0,order_71cb508936,0.2857,0.2857,6467.44,163,23,0.6667,1847.84,1669.05,False
ret_fe3c408318,user_2e8a22e3a0,order_4f54c1d9e3,0.5,0.3333,6467.44,536,27,0.6667,3359.5,3186.29,False
ret_95509c6c0b,user_2e8a22e3a0,order_04ffd76826,0.3333,0.3333,6467.44,17,7,0.6667,35535.21,31017.08,False
ret_1830722590,user_2e8a22e3a0,order_dd88397a5e,0.3333,0.3333,6467.44,69,10,0.6667,1630.69,1515.25,False
ret_db0c5eda04,user_6bbca4908c,order_ef9d1f14ad,1.0,1.0,2739.78,395,9,1.0,624.67,598.39,False
ret_b530b92867,user_6bbca4908c,order_985531ab8a,1.0,1.0,2739.78,285,28,1.0,3019.21,2440.87,False
ret_d19ac6f134,user_6bbca4908c,order_35b0a8aaa5,1.0,1.0,2739.78,525,28,1.0,4575.45,4480.74,False
ret_4291c31ae9,user_2b645ef2a1,order_8b75a83351,0.5,1.0,2664.16,482,9,0.5,4279.15,3799.44,False
ret_f9c6c20d92,user_2b645ef2a1,order_d14d77f671,0.5,0.5,2664.16,122,18,0.5,3069.38,2685.53,False
ret_8b086964a1,user_2b645ef2a1,order_b8c027b107,0.6667,0.5,2664.16,404,29,0.5,2290.54,2109.96,False
ret_08a6ac2d42,user_ebc2191f5a,order_f8373b023f,0.3333,0.25,15946.72,527,13,0.4167,4367.38,3668.66,False
ret_a6f9eccac8,user_6f7a85aaf9,order_1be30d794e,0.5,0.5,1818.68,28,3,1.0,3593.6,3575.0,False
ret_6f3b57ea5a,user_6f7a85aaf9,order_b5bb608fc5,0.5,0.5,1818.68,32,12,1.0,603.37,503.23,False
ret_b0a5837f62,user_d20b2e2c26,order_3cf8112092,0.2222,0.2222,16412.32,29,2,0.4444,24160.26,19580.02,False
ret_33db06e433,user_d20b2e2c26,order_685729f8d2,0.2222,0.2222,16412.32,35,17,0.4444,54625.04,50469.8,False
ret_703ed37e88,user_be60a3d709,order_13a271466b,0.3333,0.3333,6636.29,496,7,0.7273,3156.52,2628.08,False
ret_f2e24faaff,user_be60a3d709,order_b6d0f7f673,0.3333,0.5,6636.29,122,16,0.7273,3684.68,3538.1,False
ret_fe8a581e7a,user_be60a3d709,order_1628a488ee,0.3333,0.2727,6636.29,43,22,0.7273,4798.41,4417.91,False
ret_bd67219061,user_ddc0ee379b,order_4ad808de69,0.25,0.25,14152.29,149,24,0.5,4106.95,3828.97,False
ret_d23e7fec0c,user_afb24ca07e,order_44d58b5307,0.3333,0.3333,6448.79,30,22,0.5,851.99,845.71,False
ret_a628409060,user_afb24ca07e,order_96530d4a5d,0.5,0.5,6448.79,294,4,0.5,1025.05,987.32,False
ret_8127d4f267,user_e1d9a71faf,order_5fa0f152a7,0.1429,0.125,6442.31,111,29,0.5,13677.63,12715.55,False
ret_e3cfdcc50a,user_54cdbef26e,order_88d0f22bc3,0.5,0.5,8521.64,542,29,0.4545,18382.52,16753.91,False
ret_ada445ea92,user_54cdbef26e,order_f76c2929b7,0.3333,0.4286,8521.64,178,2,0.4545,2714.84,2675.0,False
ret_b14a4a8e93,user_54cdbef26e,order_062426c065,0.375,0.3333,8521.64,104,18,0.4545,4367.58,3530.72,False
ret_c735fb099f,user_69cffde5e7,order_80e03400ec,0.3333,0.3,8052.17,36,13,0.6,4245.03,3837.22,False
ret_5abab102e9,user_69cffde5e7,order_4c4b6597b6,0.25,0.3,8052.17,89,14,0.6,3904.52,3770.55,False
ret_1d8241542e,user_69cffde5e7,order_8dba63ae9e,0.3,0.3,8052.17,21,3,0.6,4923.28,4302.25,False
ret_8d83de2bda,user_0528f2ad90,order_57bb30c1aa,1.0,1.0,15519.5,408,29,0.625,28415.08,24466.32,False
ret_213a5a4e6f,user_9b6c86c818,order_03d9554155,0.75,0.2727,16351.34,54,30,0.5455,31276.3,28347.96,False
ret_6531eb3ee3,user_9b6c86c818,order_c2171f0db8,0.6,0.2727,16351.34,51,27,0.5455,2520.84,2372.42,False
ret_2c9c963ba8,user_9b6c86c818,order_3a7dc7802a,0.2727,0.2727,16351.34,30,6,0.5455,3284.17,2814.76,False
ret_37a597b87a,user_0aae4a9832,order_a72a8531fa,0.125,0.125,2994.2,22,19,0.625,763.26,713.66,False
ret_adbd63d5e0,user_a314f24ed5,order_3b324c74e5,0.5,0.5,10100.55,153,27,0.5,2118.76,2040.81,False
ret_0b3b15c484,user_c75d606e47,order_428543dd90,0.25,0.25,8370.97,347,5,0.4286,2722.14,2583.84,False
ret_75dc5b77a5,user_3392f08434,order_5ad2b3e0f3,0.1667,0.1667,10043.14,27,11,0.4167,29062.03,26270.19,False
ret_abb1daee20,user_3392f08434,order_31b137613c,0.1667,0.1667,10043.14,14,5,0.4167,831.57,675.57,False
ret_93de72e8d5,user_fc0387b5f3,order_90cf2eed89,1.0,1.0,14030.4,357,13,0.5,2216.55,1979.03,False
ret_85fc4c5b48,user_a2b7a4c931,order_f494873a29,0.5,0.5,1266.08,19,17,1.0,555.3,472.7,False
ret_f34b50b358,user_4447553246,order_cf5f62c45a,1.0,1.0,2753.04,370,8,1.0,698.32,629.48,False
ret_ba8a23060f,user_4447553246,order_a1ce54e61f,0.6667,0.4,2753.04,54,30,1.0,3126.5,2627.05,False
ret_c50aa44ddd,user_e339e49f6c,order_997b015092,1.0,1.0,9654.37,599,28,0.6364,971.82,885.23,False
ret_4c31143f8f,user_e339e49f6c,order_095fb9ef16,0.4545,0.4545,9654.37,16,9,0.6364,4639.79,4556.88,False
ret_9be61b5686,user_e339e49f6c,order_6af4634623,0.75,0.75,9654.37,417,21,0.6364,29059.13,27823.62,False
ret_e6db89bd96,user_e339e49f6c,order_30b2ab18a5,0.8,0.5,9654.37,290,15,0.6364,3805.64,3227.3,False
ret_a809b19f26,user_e339e49f6c,order_76194b11da,1.5,0.75,9654.37,445,30,0.6364,1807.59,1493.36,False
ret_09eb2e35c1,user_f6e2b57ca8,order_04c68aa9f3,0.3333,0.2222,23552.23,197,27,0.6364,866.33,757.88,False
ret_c3df281281,user_f6e2b57ca8,order_c3290519ba,0.3333,0.2222,23552.23,193,17,0.6364,30918.09,28575.28,False
ret_281e5a0900,user_f6e2b57ca8,order_0ac83e5d8b,0.2727,0.2727,23552.23,44,15,0.6364,3115.34,2637.94,False
ret_a8b9965697,user_d06444da0e,order_ef0abcc626,0.2,0.2,16737.57,30,3,0.5,3853.45,3324.04,False
ret_667146ec1e,user_d06444da0e,order_6b227ae74c,0.2,0.2,16737.57,30,5,0.5,18347.03,16796.74,False
ret_0c21a4d349,user_2021676046,order_200a2983c6,0.4444,0.4,6950.19,47,22,0.7,3141.3,2842.5,False
ret_c3f2fab9b7,user_2021676046,order_6c8609da23,0.4286,0.4,6950.19,59,29,0.7,988.87,962.31,False
ret_1bd7f9b6fd,user_2021676046,order_f64c686a3c,1.0,1.0,6950.19,367,27,0.7,4526.35,4263.52,False
ret_9c2e951fa4,user_2021676046,order_6a3c5cc554,0.4,0.4,6950.19,23,23,0.7,3600.61,3373.65,False
ret_2bb4236b8a,user_df87a8d26d,order_a4a62f70a9,0.6667,0.6667,21483.78,175,23,0.6,43275.58,42805.5,False
ret_daac4ef8e0,user_df87a8d26d,order_033bb15829,0.5,0.5,21483.78,306,29,0.6,4205.43,3892.62,False
ret_640e319f65,user_b46f898210,order_b353639bc6,0.3333,0.25,10607.81,194,30,0.6,1637.45,1354.66,False
ret_e71bd6861b,user_03dcf43270,order_fc18a77630,0.3333,0.3333,9671.73,3,1,0.4444,3836.51,3392.77,False
ret_8b4eea28ca,user_03dcf43270,order_7aa46b27f5,1.0,0.3333,9671.73,63,29,0.4444,1300.73,1065.71,False
ret_c1941d0d47,user_03dcf43270,order_ec2a5907d8,0.375,0.3333,9671.73,31,11,0.4444,3356.56,2901.87,False
ret_32a861d387,user_6404cee1a6,order_e84341d9b8,0.4,0.2857,15329.15,37,28,0.5714,4484.57,4185.33,False
ret_a85034ec6b,user_6404cee1a6,order_cec0cf294d,0.4,0.2857,15329.15,39,19,0.5714,926.35,871.63,False
ret_9a639f1586,user_7cb99d88b5,order_2a00e66a1f,0.3333,0.125,6794.38,54,22,0.375,2744.27,2577.57,False
ret_6e6d6f7408,user_d01375e2d5,order_0bdf7a3dac,0.5,0.5,2871.72,141,13,1.0,851.74,709.97,False
ret_16904d3d52,user_d01375e2d5,order_3000b51739,0.3333,0.3333,2871.72,322,26,1.0,3226.33,2892.08,False
ret_8ef2077f23,user_d01375e2d5,order_da79e007cf,0.6,0.6,2871.72,36,30,1.0,2517.22,2477.72,False
ret_b7106e0245,user_241d61d766,order_95d789d3b1,0.3333,0.3333,5746.05,17,13,0.7778,3716.89,3662.27,False
ret_240591d929,user_241d61d766,order_671273d4a6,0.4286,0.3333,5746.05,37,22,0.7778,3839.87,3567.5,False
ret_9206ef3964,user_241d61d766,order_99e868a7e6,0.5,0.3333,5746.05,71,19,0.7778,674.72,668.21,False
ret_12018f6a67,user_e1d1f8274a,order_c88d400a5c,0.3333,0.3333,15620.06,35,19,0.6667,32925.68,31455.16,False
ret_fe9e0fbd7d,user_1e419ee2dc,order_5e4116dc78,1.0,0.5,6758.57,47,21,0.625,2372.38,1976.73,False
ret_30f46fee54,user_1e419ee2dc,order_ee8b8884df,0.5,0.5,6758.57,16,3,0.625,935.92,812.78,False
ret_ab3021dbe4,user_1e419ee2dc,order_437edbc07b,0.5,0.5,6758.57,18,9,0.625,1338.8,1272.34,False
ret_6682b5a084,user_1e419ee2dc,order_a11c47645b,0.5,0.5,6758.57,32,26,0.625,4164.67,3337.78,False
ret_f8b6631c15,user_fdde3ee063,order_16435dda26,1.0,1.0,3093.22,465,16,1.0,2457.02,2433.19,False
ret_6546a9c74a,user_b00b359089,order_10b01a770a,0.1667,0.1667,15471.54,24,22,0.5,1665.92,1615.65,False
ret_94036b2dc9,user_b00b359089,order_d4976d81bf,0.2857,0.1667,15471.54,42,26,0.5,48256.05,41820.09,False
ret_a9a99aadad,user_3a49cc6a0e,order_2c24216058,0.6667,0.75,3252.3,466,12,0.8333,1236.63,1230.24,False
ret_66b52d4394,user_3a49cc6a0e,order_d80069218a,0.6667,0.75,3252.3,463,17,0.8333,2670.99,2484.07,False
ret_1acb880912,user_3a49cc6a0e,order_a8e8a72934,0.75,0.75,3252.3,418,24,0.8333,4119.61,3628.55,False
ret_037d28e289,user_4d7b0002ea,order_45a756b35e,0.5,0.5,18849.82,272,19,0.6667,3345.5,3059.78,False
ret_f622692518,user_0fd72f61af,order_d255fe8f04,0.5,0.3333,10743.72,38,9,0.3333,1963.53,1905.19,False
ret_9f575e7774,user_0fd72f61af,order_d178d96d9f,0.3333,0.3333,10743.72,23,18,0.3333,4379.02,3892.88,False
ret_779d8784f4,user_0fd72f61af,order_d2d1974404,0.3333,0.3333,10743.72,33,30,0.3333,2512.55,2505.52,False
ret_1c2fd83880,user_79a7a29f04,order_b7de888819,0.3333,0.3333,20768.18,42,12,0.6667,4859.48,4568.35,False
ret_7dfe588281,user_4da4ae6e63,order_0489fa8610,0.2,0.1667,2620.13,303,1,0.5,772.0,712.64,False
ret_76ce76e036,user_4da4ae6e63,order_17bf36d98d,0.2,0.2,2620.13,21,14,0.5,1212.49,1089.31,False
ret_53706dc8ee,user_f72f17090a,order_a48dc6c660,1.0,1.0,5621.48,261,14,0.5,1782.05,1599.95,False
ret_761e60db12,user_6fe4c44852,order_42d866d90d,0.5,0.5,13606.38,698,21,0.5,4809.55,4085.57,False
ret_6cad427d07,user_6fe4c44852,order_feee6bab83,0.4,0.3333,13606.38,264,5,0.5,871.77,767.38,False
ret_be78ef5f7e,user_21145ec815,order_eeec7daba0,1.0,0.6667,11607.13,102,13,0.75,4527.98,3701.38,False
ret_92789b9421,user_21145ec815,order_8b2824cb66,1.0,1.0,11607.13,160,18,0.75,46686.89,43129.45,False
ret_bf47566765,user_6d36dd53c0,order_57f29d86c1,0.3333,0.3333,2381.18,44,15,0.6667,2672.69,2410.38,False
ret_97f0529e31,user_6d36dd53c0,order_601bcbd2ac,0.3333,0.3333,2381.18,7,6,0.6667,4853.69,4438.12,False
ret_fef04effbb,user_7ea143876d,order_79290e091b,0.1667,0.125,14972.96,249,27,0.5,4336.14,3477.94,False
ret_5be117f41b,user_4cdd1b6dab,order_7e668c0a1c,0.2857,0.2857,2855.25,180,21,0.75,1145.85,1054.1,False
ret_58a15c6a98,user_4cdd1b6dab,order_92a54052de,0.4,0.2857,2855.25,207,24,0.75,4591.09,4424.21,False
ret_d11c210bf2,user_827d2135f0,order_f5a19d1ffe,0.1,0.0909,6382.44,31,1,0.4545,995.61,968.07,False
ret_081d976516,user_9b118a581b,order_94ed0c9407,0.75,0.5,2565.24,98,3,0.75,1073.91,909.64,False
ret_f293cf08a0,user_9b118a581b,order_69006a6c60,0.3333,0.3333,2565.24,268,30,0.75,4748.14,4130.26,False
ret_36134fa130,user_9b118a581b,order_04fcb8b536,0.5714,0.5,2565.24,45,28,0.75,2972.03,2705.44,False
ret_cfb5fc46b3,user_9b118a581b,order_78802fa64f,0.6,0.5,2565.24,81,23,0.75,3114.34,2929.95,False
ret_bac5eb69b5,user_b69047af83,order_79e71a1ce3,0.5,0.5,21544.82,18,3,0.5,40439.34,32452.39,False
ret_998db50eba,user_47017a283d,order_6dda1a3fd7,0.6667,0.3333,7070.66,55,30,0.5,3751.51,3118.86,False
ret_0a29478c29,user_47017a283d,order_34e268b000,1.0,2.0,7070.66,131,20,0.5,4465.21,3622.18,False
ret_b0ab8a0ee3,user_7b37e41580,order_1e6f8a07bb,0.5,0.5,2594.56,23,10,1.0,4115.03,3299.0,False
ret_934b55ee6e,user_7b37e41580,order_0d2a21d4a7,0.5,0.5,2594.56,13,13,1.0,4004.59,3784.89,False
ret_4c2eb51fcb,user_7b37e41580,order_c81481b22a,0.3333,0.3333,2594.56,225,14,1.0,1232.42,1206.91,False
ret_001a160b00,user_7b37e41580,order_77b7b5e9a7,0.5,0.5,2594.56,6,5,1.0,4939.22,4625.46,False
ret_d95fcb9fe2,user_ae966e330e,order_f06c1d03ac,0.25,0.25,13023.22,200,1,0.4,4351.79,3605.56,False
ret_41d33721c7,user_4fda95e808,order_6de180652d,0.3333,0.25,14501.57,508,5,0.4545,1084.78,1073.61,False
ret_83058a0884,user_66a3466ea7,order_09a7f636d0,0.4,0.4,3544.6,42,29,1.0,4406.09,3902.5,False
ret_59f952e049,user_66a3466ea7,order_952bf9c594,0.4,0.4,3544.6,39,23,1.0,3704.93,3287.59,False
ret_0c4031a9c0,user_eab1c6e176,order_59284785c4,0.1667,0.1667,10665.92,28,15,0.5833,2084.95,1877.86,False
ret_f6919b3067,user_eab1c6e176,order_84b4bc1e0d,0.1667,0.1667,10665.92,41,28,0.5833,3177.01,2839.98,False
ret_3f1bf1666b,user_1a45e638b7,order_d741a5923d,0.125,0.125,2929.42,11,4,0.5,4816.22,4461.21,False
ret_6ee5a15ef6,user_dab3e404ea,order_ba322f9158,0.3333,0.25,1299.05,107,21,0.5,3281.45,3214.45,False
ret_6ea907a5fe,user_6ec584e830,order_6f873060b6,1.0,0.6667,7796.44,367,3,0.6667,1146.96,1029.17,False
ret_6b302a9d8a,user_6ec584e830,order_84d0ec1709,0.5,0.5,7796.44,23,6,0.6667,2724.1,2538.68,False
ret_3a1ffc0e87,user_6ec584e830,order_743135e80c,0.6667,0.5,7796.44,295,11,0.6667,861.53,860.45,False
ret_aa889945ae,user_8914fc8735,order_e709f3c406,0.5,0.3333,14022.52,457,26,0.5,55741.82,53138.11,False
ret_53fe6fe596,user_8914fc8735,order_8b51afc73f,0.5,0.4,14022.52,355,14,0.5,1390.44,1193.96,False
ret_c5e6b230df,user_4f2dac7594,order_6149069841,0.5,0.5,2472.84,14,3,0.75,826.88,725.27,False
ret_ae0dd7a038,user_4f2dac7594,order_fd75f4be2d,1.0,0.5,2472.84,436,18,0.75,4007.82,3429.13,False
ret_d85f299a07,user_b87a86fe0a,order_59599fddf3,0.5,0.4,3935.22,56,30,0.6,3517.25,3069.61,False
ret_bb52efec89,user_b87a86fe0a,order_2eae984260,0.4,0.4,3935.22,24,10,0.6,4749.72,4703.64,False
ret_4847d186df,user_7c1d85dc52,order_ffef7ec29c,0.3333,0.3333,2953.87,109,9,1.0,1695.1,1481.44,False
ret_87f39111f6,user_9b6e3c6092,order_135c489394,1.0,1.0,2154.26,574,27,1.0,999.87,975.78,False
ret_20b789294a,user_9b6e3c6092,order_548db4966a,1.0,1.0,2154.26,399,7,1.0,660.6,574.41,False
ret_478dd0e2a7,user_301c56a41c,order_00a210dde4,0.3333,0.3333,21256.13,6,5,0.6667,1613.8,1541.26,False
ret_3576d26dc4,user_5a3638ca68,order_5809998237,0.2222,0.2222,15402.0,11,11,0.4444,3586.03,3149.27,False
ret_55e1ab2875,user_5a3638ca68,order_c58b1a4a8a,1.0,0.3333,15402.0,93,7,0.4444,2346.44,1896.44,False
ret_c4846ab691,user_8f3ed7fb63,order_89dbc0d28a,0.3333,0.25,4388.44,291,2,0.4444,2690.71,2407.2,False
ret_19f5ea23f3,user_826da89518,order_e8f2cfe0d1,1.0,0.6667,13296.34,59,10,0.6667,35658.7,32559.56,False
ret_4a4797a47b,user_826da89518,order_4946333b46,0.6,0.6667,13296.34,52,24,0.6667,2944.71,2700.07,False
ret_be2c063d34,user_826da89518,order_1bc40d6ac2,0.8,0.6667,13296.34,36,7,0.6667,3899.01,3521.79,False
ret_373dd48383,user_826da89518,order_a074472862,0.6667,0.6667,13296.34,13,10,0.6667,1715.79,1619.41,False
ret_350556deac,user_089ba72186,order_3b4cf591d7,0.3333,0.3333,7934.09,70,28,0.6667,4247.27,3862.23,False
ret_cbb75c93a4,user_ae85e617fc,order_bb5c9aaa53,0.5,0.5,3683.69,470,19,1.0,3850.69,3460.2,False
ret_1f173d2d3e,user_e5b4e630bb,order_c18bf2b767,0.25,0.25,1912.68,37,17,0.5,1862.43,1808.73,False
ret_dad3674883,user_625f58ba7d,order_f79edc7219,4.0,0.4545,12827.67,64,29,0.6364,3718.32,3260.29,False
ret_72e6893ee7,user_625f58ba7d,order_68501fce54,0.625,0.4545,12827.67,38,9,0.6364,3931.73,3235.4,False
ret_865b5974e6,user_625f58ba7d,order_497d068024,0.4545,0.4545,12827.67,31,15,0.6364,4334.14,4055.76,False
ret_779be8cf3f,user_625f58ba7d,order_d70ee7c8c8,1.25,0.4545,12827.67,56,27,0.6364,3493.67,3164.24,False
ret_1adc873d68,user_625f58ba7d,order_88fb295355,0.7143,0.4545,12827.67,46,22,0.6364,20772.24,17017.48,False
ret_f96d3c2fe6,user_4181a338a4,order_055a41fb94,1.0,1.0,3300.31,19,3,1.0,3570.63,3169.92,False
ret_c89400df80,user_4181a338a4,order_5353b2087c,1.0,1.0,3300.31,29,3,1.0,4245.81,3504.65,False
ret_75ebbe0e52,user_4181a338a4,order_c7b7220438,1.0,1.0,3300.31,36,8,1.0,2084.48,1689.05,False
ret_97207d8467,user_3e07016c12,order_7ece26372a,0.4,0.2857,13297.75,39,26,0.4286,1063.57,854.03,False
ret_4129f01671,user_3e07016c12,order_f79eec1258,0.2857,0.2857,13297.75,30,2,0.4286,8703.83,7183.65,False
ret_1519f14f5c,user_f3341e8aaa,order_176f81a2a8,0.1667,0.1667,12509.43,21,18,0.5,2290.18,2062.74,False
ret_aaf25c56f6,user_cf6647bd37,order_8f921a234d,1.0,0.5,15927.2,117,13,0.75,57276.61,50227.73,False
ret_1bab98bd07,user_c286e7dd79,order_08a2cb3eab,0.25,0.2,2416.74,154,9,0.5714,3736.49,3259.49,False
ret_b2a06b7307,user_3dd4db9e15,order_d61c230908,1.0,0.6667,6686.61,241,22,0.6364,539.92,523.18,False
ret_7ee5bbb23d,user_3dd4db9e15,order_d5ee66a01e,0.4545,0.4545,6686.61,14,8,0.6364,1596.56,1388.92,False
ret_c6cfeac9c1,user_3dd4db9e15,order_64dac5cd17,0.6667,0.6667,6686.61,178,3,0.6364,3108.07,2633.77,False
ret_a204eff507,user_3dd4db9e15,order_333c1e3baf,0.4545,0.4545,6686.61,22,14,0.6364,1309.12,1276.62,False
ret_393a7d97d5,user_3dd4db9e15,order_85f5f0fc0a,0.75,0.4545,6686.61,78,10,0.6364,3445.7,3185.15,False
ret_d6b0313db2,user_958b96fa12,order_08313b1d2e,0.1429,0.0909,7330.71,46,30,0.5455,2625.48,2314.42,False
ret_9eda5ff7e0,user_cc75a9056a,order_d44dfdf314,1.0,0.5,5121.2,512,29,0.5,954.48,765.07,False
ret_26670d8d4f,user_cc75a9056a,order_1dfab1961d,0.1667,0.1667,5121.2,19,10,0.5,3006.23,2701.57,False
ret_61193f021f,user_d31b992ed2,order_37a7f153e0,0.4,0.4,13314.38,37,27,0.8,1752.15,1579.98,False
ret_72a3f116af,user_d31b992ed2,order_44798a5784,0.6667,0.4,13314.38,46,27,0.8,4726.42,4558.54,False
ret_d2b34d1713,user_0413ea122b,order_c6d539ac4d,0.5,0.5,14992.47,488,26,0.5,55312.65,46710.89,False
ret_ce24951bc1,user_aee61788c2,order_96977d63a8,0.3333,0.25,4110.69,306,6,0.4286,2192.94,1771.37,False
ret_5189617648,user_243977e814,order_d520495c41,1.0,1.0,12442.89,26,16,0.5,20745.14,19617.38,False
ret_f99214f9bc,user_243977e814,order_6e702baa28,1.0,1.0,12442.89,27,15,0.5,4140.64,3651.89,False
ret_10d58d1099,user_b29271d320,order_38a938e9bd,0.1667,0.125,16387.57,44,24,0.375,1856.6,1703.69,False
ret_ece345dc38,user_267c2268de,order_a54b68f44f,0.5,0.5,8024.2,435,6,0.8889,1810.57,1523.66,False
ret_a65da4f5b5,user_267c2268de,order_0914b6532b,1.0,0.75,8024.2,252,13,0.8889,2328.49,2149.89,False
ret_a74de86375,user_267c2268de,order_9839f43916,0.4444,0.4444,8024.2,32,16,0.8889,577.46,491.07,False
ret_2412dfa408,user_267c2268de,order_cd00586e14,0.75,0.6,8024.2,224,18,0.8889,990.27,949.61,False
ret_666b44b710,user_ff87b12b6f,order_8de1b8c73f,0.25,0.1667,13820.84,411,30,0.5714,848.77,828.44,False
ret_364fc1ecd4,user_08821ce59c,order_ca725142d2,0.1111,0.1111,2186.73,16,6,0.8889,922.32,786.36,False
ret_b53fa5202a,user_0f9ad7f20f,order_211b4ffac2,0.4444,0.4444,5084.39,43,19,0.6667,3874.71,3659.38,False
ret_68c7b54d89,user_0f9ad7f20f,order_8337d0a2b4,0.6667,0.5,5084.39,375,27,0.6667,12260.65,11675.31,False
ret_665952ddbd,user_0f9ad7f20f,order_3f64ce29c4,0.6667,0.5,5084.39,375,15,0.6667,4253.29,3440.49,False
ret_10afd4eb69,user_0f9ad7f20f,order_2a93f11d37,0.4444,0.4444,5084.39,32,9,0.6667,824.29,751.84,False
ret_51ceeaee1e,user_c19b22b25b,order_7d777aab6f,1.0,0.5,7198.46,40,27,0.5,3676.61,3371.62,False
ret_0f72baa242,user_c19b22b25b,order_b8d7a95d27,0.5,0.5,7198.46,30,23,0.5,3042.68,2698.16,False
ret_e60dbf8770,user_c19b22b25b,order_34e3b22067,3.0,0.5,7198.46,46,25,0.5,32336.48,27231.99,False
ret_f8fac2bdbd,user_61bf293079,order_3c82e09fcd,0.3,0.3,19194.16,42,30,0.6,1953.46,1905.57,False
ret_8f8446965e,user_61bf293079,order_306f4e7b19,0.1667,0.125,19194.16,140,6,0.6,2639.73,2598.74,False
ret_a579d01670,user_61bf293079,order_88974f7a91,0.3,0.3,19194.16,25,11,0.6,27462.51,26301.23,False
ret_2e8799f016,user_b7d0960a8b,order_04c2239d69,0.25,0.5,9442.19,281,20,0.6667,1330.67,1111.95,False
ret_c8aa24f378,user_b7d0960a8b,order_3066fa774b,0.3333,0.3333,9442.19,13,7,0.6667,3590.54,2904.21,False
ret_04a602ea70,user_b7d0960a8b,order_19411b33de,0.4,0.4286,9442.19,194,14,0.6667,1972.0,1648.4,False
ret_fde5bf9ec8,user_b7d0960a8b,order_e8c35d5a64,0.4286,0.3333,9442.19,136,22,0.6667,32978.68,31215.45,False
ret_1a7d75434a,user_34eb721b8d,order_19b87a7548,0.1429,0.1429,24619.8,19,12,0.7143,32813.58,26502.13,False
ret_5fa98c59d6,user_65a6eb3f92,order_6cba094818,0.1667,0.2222,6373.87,85,24,0.7778,4344.6,3902.11,False
ret_dbd164d41e,user_65a6eb3f92,order_26e994a24c,0.2222,0.2222,6373.87,39,10,0.7778,3866.05,3230.95,False
ret_164458ebb7,user_4806d8f711,order_614006db53,0.2857,0.25,11310.73,59,30,0.5,515.02,485.44,False
ret_ee9e1ae87b,user_4806d8f711,order_d7f8961eb2,0.25,0.25,11310.73,28,15,0.5,3110.71,2774.25,False
ret_838b9f1458,user_4806d8f711,order_e024fe6a34,1.0,0.5,11310.73,368,20,0.5,44464.58,43022.82,False
ret_24e34c9d8a,user_1fdfdc5025,order_500eb7a939,0.1667,0.125,5695.83,184,9,0.4444,3724.81,3234.95,False
ret_3e559af326,user_9a7d0e0e3c,order_8cc9cd4354,0.1667,0.1667,6707.49,32,1,0.6667,4460.77,3800.06,False
ret_058f5756e9,user_cca8481ce7,order_e913fad33e,0.6,0.4286,7814.92,38,21,0.4286,2642.16,2272.07,False
ret_fc8080081e,user_cca8481ce7,order_074c6bfa7f,0.6,0.4286,7814.92,38,15,0.4286,2433.9,2001.38,False
ret_2b2cd22280,user_cca8481ce7,order_59e5305e57,0.4286,0.4286,7814.92,29,14,0.4286,2332.26,2179.72,False
ret_1e6018fcd7,user_b2ac1509cd,order_98f877d41d,1.0,2.0,8495.95,229,13,0.5,989.2,946.82,False
ret_e596d0e692,user_b2ac1509cd,order_09990ef933,1.0,1.0,8495.95,143,17,0.5,2758.01,2747.61,False
ret_76e082eb63,user_1042548ceb,order_d27fa7b412,0.3333,0.25,12569.81,101,12,0.6364,4463.82,3868.36,False
ret_9cf01cb42a,user_1042548ceb,order_c1ad140c4e,0.3333,0.1818,12569.81,46,20,0.6364,3988.59,3787.29,False
ret_1a255eb7db,user_151f7fcb57,order_9e07ee168c,0.2,0.2,9471.31,41,14,0.4,1212.01,1006.09,False
ret_e85c14a503,user_151f7fcb57,order_fcb38c26c4,0.2,0.2,9471.31,33,10,0.4,2874.71,2404.17,False
ret_c6cdea9010,user_967ee392d0,order_1865534e2e,1.0,0.5,16512.86,297,28,0.5,1234.8,1171.56,False
ret_90d54abe3b,user_967ee392d0,order_e2f032f033,0.6667,0.6667,16512.86,198,15,0.5,4639.45,4081.95,False
ret_83e6d0f498,user_9d14f533c4,order_e5acf52f28,0.6667,0.5,20978.26,38,15,0.5,1443.37,1159.36,False
ret_4cb4eb7a24,user_9d14f533c4,order_6230a8f771,1.0,1.0,20978.26,307,10,0.5,1446.47,1399.18,False
ret_4f43122d6f,user_a5d44d5e27,order_a09cc0b905,0.5,0.5,18083.8,202,17,0.3333,48989.83,40717.98,False
ret_164f82e7c3,user_a5d44d5e27,order_d72cc79d82,0.6667,0.6667,18083.8,25,20,0.3333,4839.06,4647.8,False
ret_ff4143938c,user_67b2bb0d2d,order_c82f77e08f,0.5,0.5,15926.96,6,1,0.5,2906.31,2517.78,False
ret_f1ffea311e,user_67b2bb0d2d,order_b43266c59f,0.5,0.5,15926.96,24,13,0.5,1418.35,1350.98,False
ret_1d0dfe1dcd,user_734c9a35cb,order_62405e89f5,0.25,0.25,11200.66,15,1,0.5,603.51,513.06,False
ret_9d836b6209,user_734c9a35cb,order_a7ab22ddf7,0.25,0.25,11200.66,15,6,0.5,45104.74,43298.49,False
ret_4bd70afe71,user_11469a344d,order_6c05b63516,0.5,0.5,603.11,33,28,1.0,653.51,629.59,False
ret_df8f9cd9d8,user_cb91c5852a,order_113f652651,1.0,1.0,16377.75,291,17,0.6667,4985.09,4250.15,False
ret_06ee99d169,user_cb91c5852a,order_1bca268e5f,0.6667,0.6667,16377.75,42,18,0.6667,4131.45,3409.46,False
ret_e500c24ab5,user_bfbdbecaaa,order_657adee899,1.0,1.0,3677.69,402,18,0.8333,4929.4,4301.06,False
ret_718b3d1b9d,user_bfbdbecaaa,order_11744be279,0.5,0.5,3677.69,28,22,0.8333,4735.62,3945.37,False
ret_ca1b04d233,user_bfbdbecaaa,order_fb469d7d04,1.0,1.0,3677.69,468,17,0.8333,3562.58,3385.24,False
ret_cfdff356db,user_11bf516e79,order_75a7c03306,0.5,0.5,5204.47,30,27,0.75,4554.3,3962.61,False
ret_b0d3383e7e,user_11bf516e79,order_bddb5ae09e,1.0,1.0,5204.47,382,24,0.75,19399.61,17793.05,False
ret_1c71d1f2e4,user_11bf516e79,order_89442cfe0c,0.6667,0.6667,5204.47,301,10,0.75,3898.26,3527.33,False
ret_53868d94a4,user_11bf516e79,order_0d5f1744ff,0.75,0.6,5204.47,201,15,0.75,4200.99,3611.86,False
ret_9e89afc650,user_812bd63024,order_220061fc0b,0.0909,0.0909,4367.2,20,8,0.3636,3019.65,2998.27,False
ret_077d5bcf6e,user_8b01a5b80b,order_a373da326c,0.25,0.25,11032.8,27,20,0.5,1910.68,1695.87,False
ret_1baea237d3,user_399cf27022,order_c12bbea4f2,0.6,0.625,14516.76,111,20,0.5556,5337.65,4326.67,False
ret_78aec4541e,user_399cf27022,order_a1568f61cb,0.5,0.6,14516.76,178,14,0.5556,5793.94,5481.51,False
ret_00d08ec5ca,user_399cf27022,order_77d187fd90,0.3333,0.6667,14516.76,256,30,0.5556,2962.76,2663.51,False
ret_95e51dda69,user_399cf27022,order_de93ed0767,0.5556,0.5556,14516.76,34,13,0.5556,19969.87,18268.45,False
ret_63ca7f0f29,user_399cf27022,order_6bb514286b,0.5556,0.5556,14516.76,29,11,0.5556,3948.35,3303.18,False
ret_0acc466370,user_c5ff17922c,order_8d6de4275f,0.3333,0.3333,3773.98,14,6,0.6667,3883.17,3252.92,False
ret_fe03f3cfb9,user_c5ff17922c,order_192ff3a7b8,0.5,0.5,3773.98,363,1,0.6667,7538.44,7406.69,False
ret_eb216dd473,user_54507195e1,order_ae2dc79db3,0.5,0.1667,12141.76,80,10,0.5,13654.06,11974.34,False
ret_6199c3040d,user_54507195e1,order_72a4bb8bfe,0.3333,0.5,12141.76,126,27,0.5,3935.85,3687.23,False
ret_268b4c0e01,user_4f876825de,order_0f9f0b1131,1.0,0.2,2937.56,91,5,0.4,3381.9,3110.5,False
ret_c465c2c96a,user_40395245be,order_39d7e60256,0.3333,0.3333,13153.17,30,22,0.6667,4554.84,4295.24,False
ret_1ef0457c30,user_40395245be,order_af12e22e26,0.5,1.0,13153.17,118,27,0.6667,3369.19,3292.1,False
ret_f69ca20fa8,user_4d332cc517,order_59e5bd49d9,0.3333,0.3333,4708.96,30,20,0.5833,1327.83,1164.98,False
ret_d4c0fe408f,user_4d332cc517,order_6dfbcde562,0.3333,0.3333,4708.96,21,10,0.5833,3742.17,3470.56,False
ret_73a9ca5d17,user_4d332cc517,order_b3ec243b91,0.3333,0.3333,4708.96,16,9,0.5833,4556.84,4449.24,False
ret_901719732d,user_4d332cc517,order_421bfb71fc,0.3333,0.3333,4708.96,71,14,0.5833,2375.48,2238.03,False
ret_70f1346583,user_cc93ac547d,order_d428ac4287,0.125,0.125,16136.05,32,18,0.5,2535.4,2479.58,False
ret_2b6cf09bce,user_15992295e9,order_7402104881,0.6667,0.5,16119.41,59,30,0.5,30227.73,29634.08,False
ret_02e83fdce6,user_15992295e9,order_3c0ac8db83,0.5,0.5,16119.41,375,20,0.5,936.79,919.79,False
ret_9378694d64,user_ae7dbe74e8,order_9eb9ad95b9,0.3333,0.3333,1583.31,37,15,0.6667,2985.45,2446.32,False
ret_ddca219d46,user_92ed2c4de1,order_9651b47e48,0.25,0.2222,7944.99,47,17,0.4444,589.36,504.52,False
ret_607ccf656c,user_92ed2c4de1,order_ee92ded7e1,0.2222,0.2222,7944.99,13,11,0.4444,21942.07,21528.75,False
ret_e7501cf736,user_dea674e1b5,order_238becf914,0.2857,0.2857,7327.47,21,19,0.5714,4610.11,4265.39,False
ret_a210569e69,user_dea674e1b5,order_498f5852c0,0.5,0.25,7327.47,398,30,0.5714,1296.98,1231.11,False
ret_922ec3d9a7,user_82117f4ee0,order_861a398636,0.5,0.5,5831.38,415,7,0.6667,12791.76,10906.92,False
ret_01907f2753,user_d424d42484,order_1065773863,1.0,0.5,13021.19,368,12,0.6667,4318.77,4090.26,False
ret_cb07d025a7,user_9c189ea43b,order_eb4d12791e,0.6667,0.6667,17316.62,34,23,0.6667,3839.87,3342.91,False
ret_f95bb684ae,user_9c189ea43b,order_307e3b3679,1.0,0.6667,17316.62,76,26,0.6667,3935.36,3814.53,False
ret_f1ad681a47,user_07a2656eed,order_546022a55f,1.0,1.0,2878.62,333,11,0.75,4416.13,3707.57,False
ret_5fa5f86b89,user_07a2656eed,order_1fbded9487,0.5,0.5,2878.62,56,28,0.75,562.78,512.05,False
ret_fb94f19a28,user_b6a0eb512f,order_8dd8a26eca,0.1429,0.125,5384.46,40,19,0.75,4332.19,4306.57,False
ret_75e3907a45,user_ff60779e6e,order_3fe27da5b1,0.2,0.1818,2811.26,34,24,0.8182,3875.87,3147.64,False
ret_734a31ab8f,user_ff60779e6e,order_df35706eab,0.5,0.1818,2811.26,80,10,0.8182,4314.98,3473.8,False
ret_e9a24cca4e,user_2c15cfb1b5,order_74dfda4197,0.6667,0.5,7543.96,134,25,0.8571,1730.98,1581.61,False
ret_425d05c0bf,user_2c15cfb1b5,order_ac5aa371b3,0.5,0.5,7543.96,377,3,0.8571,1078.41,892.9,False
ret_bfb9ad1137,user_04cd4f0bc3,order_a9e107f2fc,0.3333,0.4,7702.59,315,23,0.5,7189.48,6753.98,False
ret_f34db49b4a,user_04cd4f0bc3,order_b8848ddf3b,0.4,0.4,7702.59,239,2,0.5,1018.62,857.44,False
ret_ff4822806b,user_31db1338a4,order_431913ddcb,0.4,0.4,14082.48,44,29,0.5,4256.7,4158.27,False
ret_20c46c7cf6,user_31db1338a4,order_cfbea3d957,0.2,0.3333,14082.48,372,1,0.5,1380.98,1164.56,False
ret_a7995f90f5,user_31db1338a4,order_45cb0d1ea4,0.4286,0.4286,14082.48,199,24,0.5,3427.08,3008.0,False
ret_8b10611cf7,user_31db1338a4,order_195e248a19,0.3333,0.3333,14082.48,336,4,0.5,44670.75,43638.07,False
ret_406dbf1275,user_26e15eedee,order_ec971477fb,0.25,0.25,15503.7,27,21,0.5,3441.32,3265.3,False
ret_ffd846bd93,user_a13cc54904,order_e17024bee8,0.4,0.4,2940.18,18,3,1.0,601.52,596.64,False
ret_0ad7abc4ff,user_a13cc54904,order_04f59c9212,1.0,1.0,2940.18,479,22,1.0,3551.09,3034.02,False
ret_06204d43c4,user_37b8138bad,order_555a49687a,0.1818,0.1818,14553.05,1,0,0.5455,3191.22,2897.76,False
ret_3442f7eb3c,user_37b8138bad,order_259063607a,0.1818,0.1818,14553.05,1,0,0.5455,2599.5,2435.22,False
ret_bf88ea6da0,user_369c573ff9,order_5acda49613,0.5,0.3333,21965.17,323,15,0.5,3622.74,3587.25,False
ret_5de0d31bef,user_c4b716cd63,order_c2462e4f11,0.2,0.3333,3125.15,190,28,0.9167,641.83,600.14,False
ret_d2a986281e,user_c4b716cd63,order_d3b71d4650,0.2727,0.25,3125.15,35,6,0.9167,4237.84,3424.02,False
ret_0f0f7efebc,user_c4b716cd63,order_c8261af2f3,0.3333,0.3333,3125.15,149,5,0.9167,2209.33,2195.44,False
ret_af90f2e454,user_2f0059c555,order_67eca256b4,0.25,0.25,7271.86,20,2,0.5833,1126.42,953.46,False
ret_b8e6ddab22,user_2f0059c555,order_5a03d38f61,0.25,0.25,7271.86,18,17,0.5833,8167.03,7621.33,False
ret_a9ab6f803b,user_2f0059c555,order_a079ba5e55,0.25,0.25,7271.86,28,26,0.5833,3007.77,2488.67,False
ret_b11fd8f215,user_19fdda91e0,order_8e2aae4f0d,0.1818,0.1818,10903.23,19,13,0.5455,2407.32,2317.34,False
ret_e6c5efc145,user_19fdda91e0,order_11087026f2,0.1818,0.1818,10903.23,35,19,0.5455,4091.14,3616.97,False
ret_75f9cc9513,user_c240a96a1e,order_02d0817fd6,0.5,0.1667,9326.6,372,17,0.5455,53729.34,49599.03,False
ret_8e568c95d8,user_e77c5c1c6a,order_dcaecf03bc,0.5,0.4286,9755.16,336,30,0.625,1913.95,1912.84,False
ret_328539dda7,user_e77c5c1c6a,order_9a85e1dea0,0.6667,0.5,9755.16,503,19,0.625,3717.2,3453.29,False
ret_2f8a2c82f7,user_e77c5c1c6a,order_b2ca293b0e,0.5,0.5,9755.16,698,2,0.625,4449.79,4431.24,False
ret_ef1b79c6e7,user_a23fa3f7e1,order_df8f2e1e91,1.0,1.0,26718.54,117,25,0.5,915.22,750.76,False
ret_4b9a38c41c,user_6522863115,order_57f2c6390c,0.5,0.2,22479.55,61,13,0.6,2610.8,2159.6,False
ret_97c1a31eff,user_a337936e14,order_168f1dc4c5,0.125,0.125,14933.96,47,16,0.5,1559.87,1309.89,False
ret_45e1908272,user_fee199f3ce,order_4198c6a00a,0.75,0.75,2807.21,23,1,0.75,1320.4,1308.14,False
ret_e22b9d5300,user_fee199f3ce,order_9c09343e2e,0.5,0.5,2807.21,332,26,0.75,3751.45,3620.84,False
ret_0ae8b83069,user_fee199f3ce,order_f117f68fd7,0.6667,0.6667,2807.21,179,3,0.75,2227.5,1854.79,False
ret_119c477ca2,user_71d3faaf8a,order_429880102a,0.8,0.8,7234.45,37,22,0.4,4915.39,4753.53,False
ret_d094c335bc,user_71d3faaf8a,order_c0146ac5ca,0.8,0.8,7234.45,39,20,0.4,3512.38,3356.64,False
ret_61774928ef,user_71d3faaf8a,order_ff812f3b82,1.0,0.8,7234.45,46,16,0.4,23582.75,20149.99,False
ret_1821f56048,user_71d3faaf8a,order_fae337d0e3,0.8,0.8,7234.45,40,19,0.4,2303.7,1981.34,False
ret_935e68e224,user_6de360e030,order_f500710de3,0.4,0.4,6388.1,29,16,0.4,2939.94,2927.22,False
ret_6bfa00268d,user_6de360e030,order_a7fbee68dd,0.4,0.4,6388.1,17,8,0.4,26318.91,23616.06,False
ret_a8fbf2b40c,user_d550d44329,order_e7dffc54fd,0.25,0.25,1792.63,28,16,0.5,3190.92,2666.06,False
ret_cbfed75fbf,user_5502fc9dc4,order_156710f845,0.5,0.5,25082.63,44,19,0.5,49642.93,42607.82,False
ret_2e5691a306,user_ab4cf6a0f8,order_79ad97aa8c,0.3333,0.3333,12658.71,36,16,0.6667,4335.78,4171.26,False
ret_f6f94d6be5,user_f85dcaf128,order_344956d9d6,0.25,0.25,12248.76,108,7,0.6667,1997.28,1735.67,False
ret_7c4fa4e6e2,user_22c1471683,order_d011874baa,0.5,0.5,24785.43,28,19,0.5,3735.98,3457.31,False
ret_8094696664,user_4493b78a5e,order_081d201e69,0.5,0.5,2248.24,248,2,0.8,2553.97,2532.84,False
ret_9f4c2844c5,user_4493b78a5e,order_ace751fe16,0.4,0.4,2248.24,36,28,0.8,1532.63,1518.1,False
ret_cc63a6c9ea,user_576a02948f,order_58816b18f5,1.0,1.0,13632.76,335,5,0.5,1084.45,1056.95,False
ret_6c6d35b6d5,user_576a02948f,order_aaa470229a,1.0,1.0,13632.76,356,25,0.5,1815.42,1740.78,False
ret_1c0a0150f7,user_e4268b0089,order_315a0c7a72,0.1,0.1,11045.62,7,7,0.5,2344.75,1877.55,False
ret_82b573b230,user_e80b8700e7,order_98f51c637f,0.3333,0.3333,23770.78,7,0,0.6667,931.9,864.45,False
ret_305d20562d,user_0ebb392a16,order_e69e285599,0.5,0.5,14830.57,17,4,0.75,2742.29,2728.38,False
ret_5c4c99755d,user_0ebb392a16,order_ce5f83f23e,0.5,0.5,14830.57,24,19,0.75,4915.64,4141.24,False
ret_9e31a9354d,user_a8ff8c1ceb,order_0fb9af8da8,0.5,0.5,8969.48,17,13,0.625,2875.02,2376.47,False
ret_c3a75fc0ce,user_a8ff8c1ceb,order_da0ca1476e,0.5,0.5,8969.48,10,1,0.625,3158.47,2938.55,False
ret_07eb7d82a9,user_a8ff8c1ceb,order_835a96e721,0.5,0.5,8969.48,27,21,0.625,1015.75,972.19,False
ret_bdfc818b8e,user_a8ff8c1ceb,order_7b3016462a,1.0,0.5,8969.48,44,21,0.625,680.93,564.62,False
ret_7cd2035235,user_9b8965cbbc,order_cc909bebe5,0.5,0.5,17764.62,48,24,0.5,588.07,506.49,False
ret_f1371275dc,user_b19b758b35,order_7f903d7697,0.2727,0.2727,3962.79,51,26,0.8182,2438.7,2073.05,False
ret_917faf71b5,user_b19b758b35,order_b8fb143139,1.0,0.5,3962.79,579,23,0.8182,924.52,790.85,False
ret_b94cc9443c,user_b19b758b35,order_6981b8da63,0.6667,0.4,3962.79,395,14,0.8182,1110.75,1085.75,False
ret_4dfd2014ce,user_af1e1fcf22,order_56bc84cd0d,0.3333,0.2857,8675.83,44,24,0.4286,2333.98,2293.01,False
ret_f0cd299fb7,user_af1e1fcf22,order_9f8dd074be,0.3333,0.25,8675.83,385,27,0.4286,3477.48,3402.99,False
ret_eb3dd886ef,user_072e98198f,order_ed10307829,0.25,0.25,3990.29,343,6,0.4,2661.76,2416.36,False
ret_1d0810c44f,user_c42fc41f6f,order_4b840335e7,0.6667,0.6,7113.77,485,24,0.5,2862.84,2752.89,False
ret_13d44c37b8,user_c42fc41f6f,order_4af29507b3,0.6,0.6,7113.77,426,21,0.5,7184.22,6822.81,False
ret_3491d203b8,user_c42fc41f6f,order_e31e430b69,0.5,1.0,7113.77,552,27,0.5,42071.25,34901.83,False
ret_974aa30211,user_11cef61f96,order_fc468ccea1,0.5,0.5,12745.64,572,23,0.4,2207.5,1783.38,False
ret_a53342848d,user_11cef61f96,order_eb283aaa95,0.5,0.5,12745.64,329,20,0.4,3757.55,3591.18,False
ret_0007d0c5d7,user_11cef61f96,order_0c217dcf89,0.4,0.4,12745.64,23,9,0.4,25500.63,24490.77,False
ret_221d929c04,user_11cef61f96,order_37c40aedb5,0.5,0.5,12745.64,332,17,0.4,2358.38,1945.32,False
ret_c14c95226a,user_f25eceb9b6,order_a699cd7029,0.1667,0.1667,9303.18,8,3,0.5833,19834.8,17731.64,False
ret_f9ca3acb35,user_f25eceb9b6,order_4d16cdbb94,0.5,0.3333,9303.18,144,10,0.5833,4457.51,4023.33,False
ret_79578b6318,user_6d78d87ccb,order_c6434890a4,0.3333,0.3333,6616.39,398,8,0.5,32419.5,29849.87,False
ret_9007b354c4,user_6d78d87ccb,order_2b9da0daa2,0.3,0.3,6616.39,21,17,0.5,2367.6,2120.11,False
ret_5d0f2468c1,user_6d78d87ccb,order_2220847bbd,0.3333,0.3,6616.39,44,24,0.5,2197.81,1827.56,False
ret_c8e8d7d83a,user_2b9ec048a6,order_7c57fd5ffe,0.5,0.5,9097.78,693,24,0.5,25620.38,21156.22,False
ret_3f76b56f33,user_2b9ec048a6,order_0dd451298a,0.5,0.5,9097.78,303,29,0.5,4710.17,3959.54,False
ret_74cc520510,user_aa9cb796d4,order_722af5b85d,0.6667,0.6667,2590.34,27,0,1.0,3853.23,3735.65,False
ret_f60b9c0e71,user_aa9cb796d4,order_f0b01731c8,0.6667,0.6667,2590.34,22,17,1.0,2434.07,2351.99,False
ret_9cb68dd296,user_02168f28f2,order_91534cf5a3,0.5,0.5,30892.25,37,8,0.5,2645.99,2458.2,False
ret_0717d9efa5,user_769b997ae8,order_645db24d29,0.5,0.5,4698.41,358,13,0.375,2335.06,2224.36,False
ret_b748571cf9,user_1145db825e,order_aee897fe62,0.5,0.4444,13256.5,31,14,0.6667,4714.59,3996.06,False
ret_91979b9c0d,user_1145db825e,order_029869f3c3,0.6667,0.5,13256.5,164,15,0.6667,4866.34,4375.57,False
ret_9f507eb097,user_1145db825e,order_4a56c54b1d,1.0,0.6667,13256.5,224,7,0.6667,1544.51,1303.03,False
ret_0895b75236,user_1145db825e,order_7dc3e00ceb,0.4444,0.4444,13256.5,19,19,0.6667,4672.25,4039.65,False
ret_f2b0cbefcc,user_c9950a5cf4,order_a8b59a377e,1.0,0.1111,15430.71,72,25,0.5556,20469.61,16384.91,False
ret_5bf5c4182d,user_b91d75b276,order_6195d77ddc,0.5,0.25,21908.18,59,30,0.5,33266.32,26864.47,False
ret_cc712581f7,user_b91d75b276,order_1154b87d43,0.25,0.25,21908.18,29,20,0.5,3305.47,2867.64,False
ret_749495b6ee,user_5449dcf513,order_6549af8d5e,0.5455,0.5,20828.42,34,17,0.4167,2060.51,1886.11,False
ret_09a6363f31,user_5449dcf513,order_0199fa249b,1.0,1.0,20828.42,609,21,0.4167,57820.94,52410.53,False
ret_0a5ba1fe0d,user_5449dcf513,order_bea1eaf310,0.5,0.6,20828.42,433,9,0.4167,2257.23,2204.42,False
ret_870862a9be,user_5449dcf513,order_312d69a395,0.6,0.6,20828.42,363,20,0.4167,3270.12,2833.15,False
ret_a909b99b13,user_5449dcf513,order_dc48ffc57b,0.5,0.5,20828.42,6,4,0.4167,850.96,709.35,False
ret_11236d1ece,user_5449dcf513,order_02658aba86,0.5714,0.5,20828.42,237,6,0.4167,2894.89,2856.81,False
ret_47c0a460e7,user_4b0dc47aad,order_4c089409af,0.25,0.25,2847.84,133,1,0.5833,3926.74,3293.87,False
ret_df6c380fc9,user_4b0dc47aad,order_b3cd63f153,0.25,0.25,2847.84,137,27,0.5833,4372.03,4113.81,False
ret_29a78013ab,user_25b51620d6,order_7a9699199f,0.3333,0.25,9038.85,259,23,0.7778,4505.83,4363.06,False
ret_df27fe6325,user_25b51620d6,order_c906be84b7,0.2222,0.2222,9038.85,34,26,0.7778,3833.61,3302.15,False
ret_be6cacf0f2,user_15226f036d,order_53f390c966,0.3333,0.3333,18328.03,11,10,0.3333,1957.89,1899.59,False
ret_b376056e6e,user_c538192e9f,order_7f53239433,0.25,0.25,24943.28,21,6,0.5,57700.33,48151.43,False
ret_4df85782fe,user_6dd35a0ead,order_bc10b27ae1,0.1667,0.3333,16010.4,111,6,0.4545,4535.18,4027.37,False
ret_63985edeec,user_6dd35a0ead,order_c569edc58b,0.2222,0.1818,16010.4,45,26,0.4545,8755.78,7642.58,False
ret_113de0571a,user_01c442a9d0,order_58669d60e0,1.0,0.5,2248.84,705,25,0.5714,2456.47,2038.48,False
ret_9bb183ad8b,user_01c442a9d0,order_d6a2214d73,0.2857,0.2857,2248.84,141,7,0.5714,2609.0,2336.6,False
ret_c20811854e,user_9b7a32a7a2,order_3b525134b1,0.3333,0.3333,2369.98,42,20,1.0,1044.31,991.42,False
ret_7328ff048d,user_4354150dec,order_14f2997262,0.1111,0.1,5262.43,328,2,0.7273,3008.88,2482.14,False
ret_3724522545,user_34a1985960,order_37c81000f1,0.6,0.6,11812.98,206,13,0.5556,4518.69,3864.54,False
ret_961a9273e2,user_34a1985960,order_484d8a549f,0.6,0.6,11812.98,221,4,0.5556,22185.86,21353.16,False
ret_f866ee70a5,user_34a1985960,order_ddd5823ba0,0.3333,0.6,11812.98,275,19,0.5556,1276.17,1028.72,False
ret_7eece0ae92,user_34a1985960,order_5325912ddb,0.4444,0.4444,11812.98,26,23,0.5556,48241.03,40804.09,False
ret_33c5ee9d13,user_27a1cf6443,order_31b441d49b,0.1667,0.1667,7099.87,18,12,0.6667,3025.66,2774.62,False
ret_53b466be5b,user_52aad7c27d,order_41a13d0967,0.2222,0.2222,18927.15,26,6,0.4444,950.75,768.64,False
ret_476b9b5ca8,user_52aad7c27d,order_e0f6313b13,0.3333,0.3333,18927.15,146,19,0.4444,45795.57,39362.47,False
ret_8847897d7c,user_300c042cc9,order_81d1aec08c,0.5,0.3333,18094.99,459,6,0.5,35806.11,33376.71,False
ret_1bcd0bcee9,user_300c042cc9,order_35eb56d0fb,0.4,0.4,18094.99,329,30,0.5,4201.46,4119.06,False
ret_2f7a0fbb20,user_74151ce3a6,order_e984bd291b,0.2,0.1667,12156.61,122,1,0.4444,4005.64,3327.04,False
ret_d24335e54f,user_b68db4ea89,order_fc46c674b1,0.1667,0.1429,4894.89,145,8,0.5,4854.48,3926.1,False
ret_4bc440e1ba,user_5414d87b69,order_9c5c5366e2,0.3333,0.3333,15845.13,23,3,0.6667,35247.61,31319.98,False
ret_c34b6839d5,user_7e70a8b5dc,order_3306e382e9,0.5,0.5,19214.13,34,16,0.5,4686.39,3822.79,False
ret_0fe962c662,user_7e70a8b5dc,order_9aad2ccb2b,0.5,0.5,19214.13,159,20,0.5,4516.35,4098.87,False
ret_7c90b45b42,user_7e70a8b5dc,order_351f6b82d2,0.5714,0.5,19214.13,36,11,0.5,3147.58,2674.53,False
ret_8b82f648b6,user_7e70a8b5dc,order_f08eba464d,0.5,0.5,19214.13,23,19,0.5,8417.47,7171.53,False
ret_a6e66529e3,user_f26e91fe8d,order_73aa686363,0.4545,0.4545,10049.57,7,0,0.4545,1111.49,930.17,False
ret_54a98ea455,user_f26e91fe8d,order_9227dc801a,0.4545,0.4545,10049.57,7,0,0.4545,711.31,625.45,False
ret_548efdee3b,user_f26e91fe8d,order_10721f6b6a,0.4545,0.4545,10049.57,7,0,0.4545,2738.77,2560.9,False
ret_627ce53630,user_f26e91fe8d,order_fd4c4c8ad0,0.4545,0.4545,10049.57,7,0,0.4545,17203.59,14774.83,False
ret_b9b63c409c,user_f26e91fe8d,order_bbac184c05,0.4545,0.4545,10049.57,7,0,0.4545,16969.14,16666.14,False
ret_26d1006a93,user_cd4e988b38,order_0889b88077,0.125,0.125,8962.43,24,9,0.5,3149.64,2663.84,False
ret_3c0bfecc96,user_08f87242cd,order_7b4be45318,0.4,0.4,15625.44,16,7,0.4,4750.58,4624.79,False
ret_3048228e06,user_08f87242cd,order_ae775a9a44,0.5,0.4,15625.44,40,18,0.4,4750.09,3857.81,False
ret_86dcd43ad8,user_08f87242cd,order_33590d236c,0.4444,0.4,15625.44,32,11,0.4,46390.3,43743.81,False
ret_c0ef2bc9fc,user_08f87242cd,order_182f7ede3e,0.4286,0.4,15625.44,48,24,0.4,4555.27,4141.03,False
ret_39f31c4d2a,user_826dcd61c1,order_79a7052c3b,0.1818,0.1818,3140.18,23,19,0.7273,4278.86,3899.79,False
ret_0d9bff32d1,user_826dcd61c1,order_dbad6e6ced,1.0,0.5,3140.18,476,27,0.7273,1546.48,1273.36,False
ret_ccd1c7591f,user_f1af7eabb3,order_814db8be80,1.0,0.5,16133.2,332,24,0.5,39186.89,37408.55,False
ret_76c83d6944,user_f1af7eabb3,order_6174b39355,0.4,0.3333,16133.2,47,27,0.5,3879.84,3736.74,False
ret_77ba589261,user_ee185a17fa,order_2549b94758,0.1667,0.1429,9332.92,176,20,0.5714,3600.64,3469.54,False
ret_2421fc854d,user_22bf455d3c,order_cb4774d23b,0.5,0.3636,9599.85,49,3,0.5455,34365.74,31295.48,False
ret_fdb858e673,user_22bf455d3c,order_b3e323fbb9,0.3636,0.3636,9599.85,30,16,0.5455,4297.52,3830.74,False
ret_defecb0619,user_22bf455d3c,order_d94bef2174,0.2,0.2,9599.85,229,18,0.5455,3656.94,3417.76,False
ret_714f1357f5,user_22bf455d3c,order_1f93bfb31e,0.375,0.3636,9599.85,64,20,0.5455,4835.27,4557.5,False
ret_a26095eedd,user_7658d01b4d,order_808c5f0dfa,0.5,0.25,8426.88,42,14,0.5,740.28,707.63,False
ret_af92b73081,user_a13e8443b4,order_bac111654e,1.0,1.0,2051.49,163,5,0.5,3668.57,3139.16,False
ret_9a097ac740,user_18070001da,order_7b63eb6695,0.1429,0.0909,14204.57,45,15,0.4545,2388.58,1944.72,False
ret_305aa75a7b,user_b3e7d5fa52,order_80ac93c957,0.4545,0.4545,7584.36,34,30,0.6364,4358.58,3618.83,False
ret_3d4b8cd8f5,user_b3e7d5fa52,order_eb5545b3f0,0.625,0.4545,7584.36,48,23,0.6364,2633.61,2631.74,False
ret_9db82871c5,user_b3e7d5fa52,order_58dd72ad75,0.5,0.4545,7584.36,42,30,0.6364,3026.66,3015.4,False
ret_82a97f7363,user_b3e7d5fa52,order_1f4e43a295,1.0,0.4545,7584.36,58,30,0.6364,1324.29,1095.96,False
ret_62d5f34ebd,user_b3e7d5fa52,order_1b350c1e9f,0.5,0.4545,7584.36,41,27,0.6364,4868.69,4327.62,False
ret_955a8fd1ee,user_b11398d1c3,order_6fd808d993,1.0,1.0,3872.58,635,10,0.6667,4828.91,4723.25,False
ret_436af376aa,user_022aa6e601,order_f76161927a,0.6667,0.75,9613.75,124,1,0.375,4002.32,3376.33,False
ret_f3a501245a,user_022aa6e601,order_747b87981e,0.4286,0.375,9613.75,37,16,0.375,1652.58,1392.3,False
ret_8c93e5f97f,user_022aa6e601,order_d106e8c75b,0.5,0.5,9613.75,160,13,0.375,4503.94,3768.58,False
ret_20f116a833,user_68d70529fe,order_d021b50162,0.1818,0.1818,8973.87,30,19,0.6364,4043.55,3930.9,False
ret_b7ee34095b,user_68d70529fe,order_40c3a1fded,0.1,0.1818,8973.87,70,27,0.6364,3939.37,3340.8,False
ret_e9578d3827,user_216ef33a74,order_023924516c,0.2222,0.2222,11771.05,58,23,0.6667,4078.68,3339.78,False
ret_f160a5cba1,user_216ef33a74,order_2c1f97911a,0.2,0.2,11771.05,344,13,0.6667,14263.29,13146.92,False
ret_45b3c7e833,user_ace1c9f360,order_bd64113283,0.5,0.5,2078.17,311,9,0.5,1299.35,1111.92,False
ret_7e65ac9837,user_0fe85b71f5,order_ed37aa0e42,0.2,0.1667,14482.92,565,25,0.6,4327.19,3523.23,False
ret_96299748bf,user_80b3548558,order_62b4a0595f,0.5,0.3636,7237.33,40,14,0.7273,4289.66,3767.62,False
ret_e06bfa9abf,user_80b3548558,order_24d2d632d7,0.5714,0.3636,7237.33,44,14,0.7273,865.22,751.67,False
ret_c047492ea7,user_80b3548558,order_e86409e7fa,0.4,0.3636,7237.33,32,6,0.7273,3007.31,2637.62,False
ret_43eef56d12,user_80b3548558,order_84c7dcc990,0.3636,0.3636,7237.33,24,10,0.7273,4863.71,4833.22,False
ret_d2b2e99392,user_dafdbaa719,order_f790da929e,0.25,0.25,7705.01,285,13,0.8,2044.66,1879.43,False
ret_cc460d5efd,user_90d2f982a6,order_565fa93680,0.25,0.1667,7973.42,128,30,0.7778,4415.52,4133.52,False
ret_4ec2474c7c,user_90d2f982a6,order_f8e799d477,0.2222,0.2222,7973.42,25,7,0.7778,4143.17,3615.12,False
ret_95ec96db3a,user_e08ffc536c,order_735252ccc2,1.0,0.5,7429.75,201,30,0.5,1644.75,1623.71,False
ret_5dab5d1e2f,user_e08ffc536c,order_6f11e55755,0.4,0.4,7429.75,5,5,0.5,2821.15,2529.92,False
ret_66340fea49,user_e08ffc536c,order_495f46dce7,0.4,0.4,7429.75,10,10,0.5,1347.35,1138.97,False
ret_cdee63039f,user_e08ffc536c,order_66ad0dad1d,0.5,0.4,7429.75,56,30,0.5,4599.62,3879.89,False
ret_4795e2b60c,user_115e7d5de8,order_4628b019d5,0.5,0.5,1292.66,32,21,1.0,1391.52,1165.12,False
ret_bc3ffad60b,user_e75b71a1d0,order_8a881feac1,0.3333,0.0909,6970.61,81,2,0.6364,1555.84,1275.38,False
ret_b32d13e315,user_2c6bc501a6,order_6a3f62afa7,0.5,1.0,10031.3,140,24,0.4286,1681.95,1667.94,False
ret_a253a3c8d4,user_2c6bc501a6,order_a3e28f73ba,0.6667,0.2857,10031.3,72,29,0.4286,4864.39,4492.68,False
ret_b22f27a997,user_8381af1a90,order_d4329ca341,1.0,0.3333,14776.06,541,3,0.5556,4224.53,4054.94,False
ret_6e99b37749,user_8381af1a90,order_96967228ca,0.5,0.4286,14776.06,148,14,0.5556,2234.15,1908.69,False
ret_a72d431558,user_8381af1a90,order_f307a948ce,0.5,0.4,14776.06,275,24,0.5556,31505.64,27573.58,False
ret_0b3a96a028,user_cb4969a217,order_e7b958fe15,1.0,0.5,3614.8,66,17,0.75,3780.34,3383.08,False
ret_48dae638e3,user_cb4969a217,order_a394ed4263,0.5,0.5,3614.8,32,20,0.75,3724.04,3712.93,False
ret_9320df165f,user_c129d6358b,order_ca33b732f2,1.0,0.5,20040.5,51,21,0.5,2026.04,2000.09,False
ret_e6d0405a4b,user_7296d4f07d,order_8def970689,1.0,0.5,8770.29,715,1,0.8182,3699.35,2987.33,False
ret_847ddc5ec7,user_7296d4f07d,order_6b336f18f5,0.25,0.2222,8770.29,254,14,0.8182,4856.76,4484.21,False
ret_7969aaf96e,user_7296d4f07d,order_fb826d26c6,0.2727,0.2727,8770.29,55,21,0.8182,1891.34,1726.96,False
ret_c302cca459,user_33db4194d4,order_c872b75b94,0.4286,0.4286,4039.32,25,11,0.5714,3626.25,3447.63,False
ret_a28bf3c5e7,user_33db4194d4,order_e7e1ad5668,1.0,0.4286,4039.32,50,29,0.5714,1224.96,1054.78,False
ret_fa43106265,user_33db4194d4,order_93ac3a539b,0.5,0.4286,4039.32,36,15,0.5714,4651.71,3986.6,False
ret_b264eec137,user_4d46d4fba6,order_2d4918b055,0.6,0.3,12732.49,48,25,0.4,9441.61,7790.58,False
ret_ce7b973fd7,user_4d46d4fba6,order_766f1d5e70,0.5,0.3,12732.49,45,24,0.4,1027.94,947.95,False
ret_2f25ff58fd,user_4d46d4fba6,order_af06372fd0,0.4286,0.3,12732.49,43,29,0.4,4853.02,4598.04,False
ret_c1404f7109,user_4841c4a967,order_5f099094ed,0.6,0.6,1656.46,29,3,0.8,2018.22,1704.52,False
ret_bb099d0969,user_4841c4a967,order_d20466140c,0.6,0.6,1656.46,32,7,0.8,510.43,438.63,False
ret_dcfd5e36e2,user_4841c4a967,order_b7db30af0f,0.6,0.6,1656.46,39,10,0.8,1667.19,1486.31,False
ret_6b65a7fadf,user_7ce0e9c332,order_e83545972c,0.3333,0.25,19463.2,77,7,0.5,18273.63,17694.26,False
ret_e96cd56ab0,user_53671f3df1,order_8b8b070d5d,0.125,0.125,9191.46,32,29,0.75,804.74,671.64,False
ret_29cc4a5785,user_1bfa779a05,order_84d1de52f0,0.1111,0.1111,9211.0,4,4,0.4444,4874.92,4506.67,False
ret_5e94d56304,user_55591f9a47,order_6f814517f6,0.25,0.25,2533.2,22,21,1.0,4631.96,4569.46,False
ret_e319aedb42,user_c6d282bb36,order_1638adfa37,0.3,0.2727,10702.03,36,17,0.4545,42277.81,40930.14,False
ret_38470d5ee1,user_c6d282bb36,order_ecb511f31e,0.2727,0.2727,10702.03,10,1,0.4545,1276.99,1227.04,False
ret_90bca1b7e4,user_c6d282bb36,order_d26f949820,0.3,0.2727,10702.03,32,22,0.4545,1292.66,1150.0,False
ret_bf56c023e1,user_0400bd6d41,order_a05f63a2b1,0.2,0.3333,6862.96,90,13,0.7778,2159.98,1760.81,False
ret_13dd72bc85,user_0400bd6d41,order_c6e1691153,0.3333,0.3333,6862.96,28,4,0.7778,3161.36,2670.11,False
ret_6866e7caff,user_0400bd6d41,order_4c3febedca,0.3333,0.3333,6862.96,9,9,0.7778,35730.81,32685.81,False
ret_71b5063158,user_d3d593edc8,order_b971d69a5c,0.3333,0.3333,14632.92,541,1,0.5,4075.76,3509.75,False
ret_7dc260a295,user_2eefa44ec5,order_db6228abd4,0.25,0.25,3390.38,141,21,0.6,2443.96,1977.85,False
ret_86ec2a2054,user_58e560e8c0,order_99fb8923dd,0.2,0.1818,16260.58,104,25,0.4545,4002.59,3289.06,False
ret_5cf536d50d,user_58e560e8c0,order_8c589b0829,0.2,0.2,16260.58,481,29,0.4545,2546.94,2283.22,False
ret_43f4e11df4,user_7fb03ad755,order_5872e09de6,0.0909,0.0909,12794.03,21,13,0.5455,3587.01,2969.71,False
ret_5d3c0ebba7,user_07807a1b93,order_ce64db205a,0.5,0.5,28624.57,403,12,0.6667,26127.65,24665.57,False
ret_5aef80f448,user_8c20999736,order_d9456a7094,0.2,0.2,15771.07,368,9,0.4286,2095.41,2061.44,False
ret_743d5e4a64,user_8c20999736,order_d09e10ef5a,0.2857,0.2857,15771.07,166,20,0.4286,3062.67,2814.78,False
ret_306abfa304,user_7358a6ee3d,order_15f9c52893,1.0,0.5,2277.65,284,20,0.875,4001.53,3379.56,False
ret_bc3f7f7663,user_7358a6ee3d,order_4f8a09703d,0.8,0.5,2277.65,40,27,0.875,2048.87,1974.2,False
ret_acb1163c5c,user_7358a6ee3d,order_91f0733373,1.0,0.5,2277.65,51,27,0.875,669.7,546.72,False
ret_b0f7d62c8b,user_7358a6ee3d,order_3de001f11e,0.6667,0.6667,2277.65,169,27,0.875,535.61,520.81,False
ret_5457efd600,user_a393d6fdd8,order_555489e1a2,0.5556,0.4167,11333.47,38,30,0.75,1888.31,1524.79,False
ret_f88e8390d9,user_a393d6fdd8,order_d0d0c7b1c7,0.625,0.4167,11333.47,41,18,0.75,2472.62,2213.1,False
ret_c1e859ee06,user_a393d6fdd8,order_fef404d6f4,0.5,0.4167,11333.47,37,23,0.75,4126.0,3553.09,False
ret_f4ddbb09a5,user_a393d6fdd8,order_4ee7157326,0.4167,0.4167,11333.47,17,11,0.75,1802.23,1704.53,False
ret_e47ff0ebb3,user_a393d6fdd8,order_19ed0c0ca1,0.625,0.4167,11333.47,44,22,0.75,4432.31,3969.9,False
ret_7b71c6eafc,user_e990b50cca,order_a103d989c8,0.5,0.5,12186.32,551,11,0.4286,438.62,416.74,False
ret_7cb66f7207,user_23ad2ea188,order_e5bfee5f8f,0.6667,0.6667,3119.1,6,4,0.6667,1585.09,1345.22,False
ret_11b5948622,user_23ad2ea188,order_2fb82f90c8,0.6667,0.6667,3119.1,21,17,0.6667,4813.37,4166.54,False
ret_700b131fe0,user_6f84a0bb6c,order_c030a1231f,0.3333,0.25,10289.25,46,1,0.75,4617.56,4272.75,False
ret_66ecd00e59,user_baa41627d3,order_e2db468d0c,0.3333,0.75,13484.47,114,30,0.5,2515.11,2137.53,False
ret_d53809a15b,user_baa41627d3,order_eeaa406dc1,0.4286,0.375,13484.47,32,23,0.5,8710.03,8157.74,False
ret_b8b97a7a7f,user_baa41627d3,order_0ec0787cf4,0.375,0.375,13484.47,24,23,0.5,4804.33,4287.22,False
ret_af277342f2,user_054129f201,order_ae4304cb69,0.1429,0.1429,10056.32,24,17,0.5714,2879.91,2612.99,False
ret_fc4aa7929a,user_e7d7651a09,order_2b343a96e3,0.1667,0.1429,24690.38,34,17,0.7143,3681.1,3504.41,False
ret_aa09be1307,user_10368b3463,order_b11e49915e,0.25,0.2,13693.37,123,21,0.3636,1074.72,1058.3,False
ret_6a97e77e82,user_10368b3463,order_e90304ef2f,0.1818,0.1818,13693.37,25,3,0.3636,3682.74,3676.74,False
ret_a684c2a83e,user_e3b2a3eb7c,order_1e5b94e4c3,0.4286,0.375,8367.82,86,12,0.5,2901.06,2434.91,False
ret_4603f595e8,user_e3b2a3eb7c,order_72271be9d2,0.4,0.3333,8367.82,334,15,0.5,1365.89,1222.69,False
ret_b88a27c76c,user_e3b2a3eb7c,order_5065e65da4,0.3333,0.4,8367.82,392,25,0.5,3844.26,3674.11,False
ret_c2c49207b7,user_47750862f2,order_a7a111bc01,0.5,0.3636,9800.64,58,24,0.7273,2791.92,2743.82,False
ret_96a46c863d,user_47750862f2,order_b101afdfba,0.3636,0.3636,9800.64,20,15,0.7273,1856.9,1709.34,False
ret_e2e2c10c5e,user_47750862f2,order_62b47401b2,0.3636,0.3636,9800.64,22,22,0.7273,917.79,758.82,False
ret_7b18e87fe6,user_47750862f2,order_2903755829,0.3636,0.3636,9800.64,26,18,0.7273,1314.88,1144.14,False
ret_8a1a2f3896,user_0411e424fa,order_b06171bc76,0.25,0.25,4100.65,450,14,0.6667,3458.07,2953.48,False
ret_a45d58e790,user_61ee683942,order_15f01f4da6,0.25,0.25,1505.03,18,4,0.5,1812.61,1597.34,False
ret_8fc736d59f,user_7efe57777d,order_d0a4087afa,0.1111,0.1,8851.4,54,28,0.4,603.76,563.28,False
ret_ab11e73cea,user_5dd80f87d4,order_0de534887b,0.4444,0.3333,12760.13,35,20,0.5,31046.23,25910.52,False
ret_2dea67be7f,user_5dd80f87d4,order_162230b243,0.3333,0.3333,12760.13,14,8,0.5,4607.34,4167.22,False
ret_908694bc6e,user_5dd80f87d4,order_cbb7aa59cc,0.5,0.3333,12760.13,40,29,0.5,1218.96,1156.95,False
ret_c17b8a608b,user_5dd80f87d4,order_d9fd2072fa,0.3333,0.3333,12760.13,20,3,0.5,3655.49,3015.85,False
ret_9853e7b5c4,user_90b4dde328,order_87e816ca12,0.125,0.125,9834.59,13,5,0.5,2344.25,2004.83,False
ret_7e6b29ffbe,user_b33ad89ab8,order_16cf648750,0.5,0.5,14614.88,403,12,0.4,1218.4,1037.29,False
ret_a55ee7747d,user_b33ad89ab8,order_21f471be50,0.4286,0.375,14614.88,148,4,0.4,30035.61,24635.66,False
ret_98097e94bd,user_b33ad89ab8,order_37bc4df12e,0.4286,0.375,14614.88,143,5,0.4,2491.58,2224.28,False
ret_f1f9e31002,user_6152b11145,order_858b485d96,0.4,0.25,11668.66,247,2,0.5,3983.59,3348.32,False
ret_85a7e8a87b,user_6152b11145,order_c2bb5563c1,0.5,0.3333,11668.66,373,26,0.5,3767.93,3222.35,False
ret_230b9a9ecc,user_6152b11145,order_1dc7b344d5,0.3,0.3,11668.66,64,4,0.5,3250.85,3088.45,False
ret_b030318839,user_ed8d144553,order_b083e732b3,0.25,0.25,15279.46,29,1,0.5833,4644.06,4228.44,False
ret_bfa7ba37b7,user_ed8d144553,order_9c0b15be60,0.3333,0.25,15279.46,37,7,0.5833,1042.16,934.85,False
ret_c471734cf9,user_ed8d144553,order_de9453a5b1,0.375,0.25,15279.46,46,29,0.5833,3312.76,2654.83,False
ret_ef36722bc1,user_bbe375a5d8,order_a67b817f45,1.0,0.4,14435.52,404,30,0.5,824.22,660.97,False
ret_dac650d674,user_bbe375a5d8,order_4fa0d20ff5,0.3333,0.3333,14435.52,31,28,0.5,2466.19,2117.39,False
ret_3db1e3da26,user_bbe375a5d8,order_965140cfc8,0.5,0.375,14435.52,169,30,0.5,4323.67,3551.58,False
ret_9d692c55db,user_bbe375a5d8,order_e1a93250a7,1.0,0.4,14435.52,402,8,0.5,747.13,604.7,False
ret_7bd55a7ea5,user_a55517a44e,order_fb1c4a8b62,0.1429,0.1429,9458.81,183,24,0.5,2983.14,2615.23,False
ret_049de82852,user_55219acec9,order_37fa5a3f3c,1.0,0.5,11403.62,189,19,0.6667,622.92,519.86,False
ret_d9e8458135,user_55219acec9,order_cb73d3a5f4,0.5,0.5,11403.62,159,2,0.6667,3751.97,3338.27,False
ret_2ce37cd396,user_55219acec9,order_daac46099f,0.5,0.5,11403.62,166,21,0.6667,1931.23,1889.66,False
ret_e60d4deb9b,user_3cb04b9223,order_a4927b61df,0.3,0.3,15688.09,26,7,0.4,43878.06,41085.76,False
ret_4328750c79,user_3cb04b9223,order_f86bfba157,0.375,0.3,15688.09,39,23,0.4,4046.93,3935.76,False
ret_a689c4d7c9,user_3cb04b9223,order_1dc146a7e7,0.5,0.3333,15688.09,133,7,0.4,3099.7,3013.1,False
ret_c24999d87e,user_235e6c4313,order_afa969fe5d,0.125,0.125,24410.36,26,21,0.625,3653.21,3144.48,False
ret_0c5753bec4,user_e007c67420,order_c05871b6a8,0.5,0.5,17553.06,136,2,0.5,1430.48,1300.49,False
ret_bcd955510f,user_9b508f2c1e,order_c734013d0d,0.25,0.25,17749.24,12,5,0.5,55004.44,52909.73,False
ret_1bab7bcd42,user_5ab9211eb5,order_fbb2cce830,1.0,1.0,16785.55,312,7,0.6667,3730.61,3547.85,False
ret_0ed7b954e6,user_5ab9211eb5,order_35dbe19234,1.0,0.6667,16785.55,54,28,0.6667,2321.69,1971.71,False
ret_a68c939c87,user_2fa7d89528,order_3bc352f85c,0.1,0.1,2456.26,25,13,0.8,2000.03,1778.56,False
ret_4ef817dd9e,user_1195137a98,order_bb6b93985d,0.5,0.5,3722.7,30,3,1.0,4285.92,3858.8,False
ret_f961bec74f,user_1195137a98,order_d1e3adce7f,0.5,0.5,3722.7,46,26,1.0,4627.96,4327.52,False
ret_8c9e93f9ce,user_2b748925ea,order_6ff5e98666,0.5,0.5,2829.74,107,7,1.0,2942.29,2872.04,False
ret_90b9da7a6b,user_07b92bddc1,order_18e4d364cc,0.0909,0.0909,6649.15,21,9,0.5455,2179.54,1781.64,False
ret_00e387c44f,user_f75739e211,order_73b9d73ece,0.3636,0.3636,2087.01,18,11,0.8182,3921.16,3315.94,False
ret_481c2df851,user_f75739e211,order_2e4b4170aa,0.3636,0.3636,2087.01,31,4,0.8182,3163.49,2660.87,False
ret_1c2912606f,user_f75739e211,order_efe4401874,1.0,0.2,2087.01,350,21,0.8182,710.5,701.53,False
ret_ce1058ce81,user_f75739e211,order_0725bd83af,0.3636,0.3636,2087.01,10,7,0.8182,2299.88,2168.98,False
ret_b31e817169,user_4f8aa0f9ac,order_a06cfdcf5d,0.3333,0.25,6075.7,55,18,0.75,3616.46,3212.41,False
ret_f3f05422a7,user_59d0f80ca9,order_ced8c24c58,0.5,0.3333,2076.08,376,19,1.0,1884.44,1794.31,False
ret_1e755a240c,user_d92c1f8461,order_0d14c964eb,0.6,0.5,16516.01,204,15,0.625,2363.42,2197.89,False
ret_4bd53a298c,user_d92c1f8461,order_1189ddd86d,0.5,0.5,16516.01,436,8,0.625,4445.78,3879.69,False
ret_ea6bc16859,user_d92c1f8461,order_dbf0b5508c,0.5,0.5,16516.01,11,9,0.625,1836.21,1804.94,False
ret_9f06f52836,user_d92c1f8461,order_f3af4b720c,0.3333,0.5,16516.01,510,13,0.625,4660.26,4167.21,False
ret_a9baf0bab8,user_c8420be39b,order_c9cbd0ecd0,0.2,0.1111,18901.41,52,27,0.4444,2299.12,1867.43,False
ret_14fec7e280,user_202d00c2ea,order_6bb1ba173c,0.0909,0.0909,21121.48,21,21,0.5455,58746.9,51425.92,False
ret_44aff498fc,user_b896b372a4,order_a95756a0cd,0.3333,0.3333,4324.96,243,29,0.3333,1398.71,1132.37,False
ret_395636502b,user_252c5c84ed,order_6e3e87b6d0,1.0,0.3,25843.96,62,25,0.7,45631.42,43846.91,False
ret_5db6c41766,user_252c5c84ed,order_363c3aa34a,0.3,0.3,25843.96,9,9,0.7,838.68,726.97,False
ret_22454e13e5,user_252c5c84ed,order_90dc63420c,0.3,0.3,25843.96,6,1,0.7,53872.08,51025.31,False
ret_8d4da25aeb,user_f2a20a101a,order_58923cfb43,2.0,0.4286,2481.06,47,18,0.8571,540.3,520.33,False
ret_63a5e38c65,user_f2a20a101a,order_c4a99f6e13,0.4286,0.4286,2481.06,2,1,0.8571,2531.07,2516.34,False
ret_1c14abbf20,user_f2a20a101a,order_4e081e6dda,0.4286,0.4286,2481.06,29,29,0.8571,2195.25,2150.85,False
ret_cda6d4c20b,user_3c1267d5ef,order_bc8c34b4b3,0.4,0.3333,2746.09,112,14,0.75,672.98,591.97,False
ret_a25bd7eaa7,user_3c1267d5ef,order_85a317cd04,0.5,0.3333,2746.09,390,12,0.75,3133.88,2743.37,False
ret_fed74cb3b1,user_adad0bb81f,order_a97f12f555,0.2222,0.2222,11902.69,31,26,0.5556,1611.77,1387.72,False
ret_96f8d809a0,user_adad0bb81f,order_db248b95b1,0.5,0.5,11902.69,220,10,0.5556,1067.25,976.51,False
ret_49e55bef12,user_1be57ad9c2,order_6111b9b33a,0.1,0.0909,8884.1,39,10,0.4545,4719.62,4238.93,False
ret_c440e1fb6b,user_bccc12fe02,order_e980dc7a9d,0.5714,0.5,19113.0,43,28,0.625,733.23,652.36,False
ret_4b0c91162e,user_bccc12fe02,order_dafce77257,0.8,0.5,19113.0,48,24,0.625,2385.7,2366.03,False
ret_b156b143d3,user_bccc12fe02,order_dbce35aaeb,0.8,0.5,19113.0,48,29,0.625,50332.91,40318.05,False
ret_473a95d0f3,user_bccc12fe02,order_ed35759d75,0.5,0.5,19113.0,40,25,0.625,36265.61,33424.57,False
ret_1b3ccf74e2,user_c83b8b6ff7,order_9c15af48f4,1.0,1.0,2199.12,309,24,0.75,1901.34,1828.24,False
ret_5b85597a7f,user_9a982d495b,order_020744e173,0.5,0.5,25091.93,375,10,0.5,550.89,453.63,False
ret_9b692ceb0a,user_6fdea13d6f,order_99c125f09c,0.2,0.2,19609.31,18,11,0.5,4728.97,4262.91,False
ret_0a827e04ab,user_6fdea13d6f,order_6bf2dd259b,0.2,0.2,19609.31,18,0,0.5,2262.84,1828.84,False
ret_9e040f2cf5,user_6f3a8a0fde,order_e080b5183f,0.3333,0.2222,25041.73,83,5,0.5556,3382.58,2959.06,False
ret_623c0fe962,user_6f3a8a0fde,order_eeaefd7f7c,0.2857,0.2222,25041.73,42,30,0.5556,3878.22,3403.73,False
ret_043ef9bf2e,user_984df33a10,order_092fc46ab4,0.3333,0.3333,6279.44,29,3,0.6667,1004.51,861.03,False
ret_87a59ec853,user_984df33a10,order_a0c8948451,0.3333,0.3333,6279.44,29,10,0.6667,2265.9,2232.24,False
ret_58b5fd50dc,user_f08e8a3b78,order_905c1499f9,0.4286,0.4286,8343.47,25,14,0.7143,1255.43,1230.77,False
ret_21ea81d2ca,user_f08e8a3b78,order_0e3c0e24ee,0.3333,0.4286,8343.47,81,26,0.7143,2719.96,2716.86,False
ret_16b88e0ff5,user_f08e8a3b78,order_1ca378e148,0.3333,0.2,8343.47,184,12,0.7143,3647.35,3614.45,False
ret_dbfccfa113,user_05b2c9dbbb,order_d1b71143bd,0.5714,0.4444,4181.77,37,19,0.5556,3571.76,2924.5,False
ret_76de3b843a,user_05b2c9dbbb,order_af2ca80981,0.4444,0.4444,4181.77,21,20,0.5556,1393.16,1167.16,False
ret_9bdda94f4d,user_05b2c9dbbb,order_7d8e5d2504,0.4444,0.4444,4181.77,18,7,0.5556,3023.02,2999.76,False
ret_a53edf2981,user_05b2c9dbbb,order_703698dd0b,0.4444,0.4444,4181.77,21,13,0.5556,1133.11,919.54,False
ret_faec781828,user_4b51221615,order_f242618e9f,0.25,0.1818,7088.2,43,29,0.8182,54989.44,49447.15,False
ret_cf3f5de5e4,user_4b51221615,order_27271da6ea,0.2222,0.1818,7088.2,37,27,0.8182,655.49,529.64,False
ret_b42fd5e4c2,user_11673d7a56,order_c6467da6d1,0.3333,0.2,28886.04,79,23,0.6,994.6,810.25,False
ret_9fa1c70214,user_070b7e5a16,order_5bb0fae134,0.5,0.5,10766.97,200,20,0.6667,10197.94,9908.48,False
ret_121b02e672,user_070b7e5a16,order_fa5eaaa4a6,0.25,0.25,10766.97,32,16,0.6667,3888.67,3628.53,False
ret_5a7d2784ce,user_070b7e5a16,order_28a65944ca,0.6,0.25,10766.97,61,25,0.6667,2497.2,2376.66,False
ret_df7c972723,user_e26c2681c1,order_6a35f3caa7,0.6667,0.3333,9758.21,99,1,0.625,1192.58,1182.64,False
ret_ad92d1c8c5,user_e26c2681c1,order_b20aff56fa,0.5,0.6667,9758.21,175,21,0.625,4316.14,3807.88,False
ret_dabf4b79fd,user_36aca8b553,order_825c513556,1.0,0.5,16130.77,441,17,0.4444,1630.47,1395.8,False
ret_184a1e60e5,user_2caa0cb282,order_dc7e1a3336,0.5,0.5,16181.71,23,10,0.5,29327.57,23853.25,False
ret_a1877cae4c,user_2b66d1c047,order_80350e3105,0.3333,0.2,16026.33,250,19,0.5,4082.87,3319.21,False
ret_ed97ded029,user_2b66d1c047,order_fd9870dbb9,0.25,0.2222,16026.33,117,5,0.5,4183.44,4149.54,False
ret_11c38025df,user_339f7a7544,order_1df5b54830,0.125,0.0909,16021.51,40,23,0.4545,4007.01,3563.11,False
ret_7f88b7ad6f,user_66b381891d,order_00c86fafb3,0.1,0.1,2684.71,21,7,0.7,668.64,660.3,False
ret_0df507408f,user_0bf992dec4,order_eb234d45b7,0.2,0.1429,10829.96,394,21,0.4167,3322.0,3319.95,False
ret_a8b03a9b6b,user_0bf992dec4,order_a5ed671a76,0.25,0.25,10829.96,28,5,0.4167,55554.22,49162.73,False
ret_09ca2f2bba,user_0bf992dec4,order_5727b6efa1,0.25,0.25,10829.96,20,5,0.4167,3031.04,3029.45,False
ret_525d2cdb2f,user_e8751e0089,order_b3267ad0cb,0.25,0.25,9888.69,30,26,0.5,3130.5,2713.84,False
ret_b76938b663,user_e8751e0089,order_5447c20778,0.25,0.25,9888.69,166,18,0.5,702.42,689.86,False
ret_98df0ec719,user_724974d763,order_841bd6e3ca,1.0,0.5,3457.0,506,5,1.0,3825.22,3729.47,False
ret_1dd9987168,user_5cca53ff0d,order_8c0b6b9414,0.5,0.5,2751.0,232,25,0.4286,1594.44,1420.37,False
ret_a334473249,user_3b2cb0314d,order_788e314fbb,0.0909,0.0909,5740.77,30,6,0.7273,3484.65,3307.23,False
ret_770fd16fda,user_4ad1cc5444,order_c972b2cf8f,0.125,0.125,6208.66,37,21,0.625,4043.9,3947.41,False
ret_747862b066,user_c7ce3c127e,order_e1fb0f203e,0.3333,0.3333,13701.13,15,8,0.4444,1978.36,1591.84,False
ret_f751d9e3c6,user_c7ce3c127e,order_7cf6af064d,0.5,0.3333,13701.13,70,27,0.4444,2922.8,2790.26,False
ret_7e3124c02e,user_c7ce3c127e,order_6049b26c9d,0.3333,0.3333,13701.13,56,29,0.4444,26086.27,21599.11,False
ret_bbf8661724,user_2d4545b0c3,order_8d09611f16,1.0,0.5,8013.85,147,13,0.3333,3391.0,2851.91,False
ret_35931bd4a4,user_2fcd7bc960,order_5f1fc21a40,0.6667,0.6667,7939.33,556,25,0.5455,4309.16,3517.4,False
ret_fbedcf10c9,user_2fcd7bc960,order_18f22e597d,0.5,0.6667,7939.33,587,3,0.5455,3980.11,3872.63,False
ret_29dc07894f,user_8c726271a0,order_80b21afdf9,0.1667,0.1667,16318.41,25,3,0.3333,1773.17,1729.26,False
ret_a478b5a2e1,user_71567ec01a,order_2acf881de8,0.5,0.5,2019.96,21,18,1.0,2651.25,2323.64,False
ret_ccd7b3e49b,user_541c44fea3,order_342e17cdf2,0.2,0.2,8458.51,32,30,0.7,2680.6,2324.36,False
ret_3e6e77adfb,user_541c44fea3,order_9108a7eef6,0.2,0.1667,8458.51,382,5,0.7,3099.18,2871.7,False
ret_bae3aed133,user_49cd2b9595,order_eea6b73891,0.5714,0.5,14297.2,370,13,0.3636,2865.7,2793.46,False
ret_aa0621bff2,user_49cd2b9595,order_93b9d3b2b6,0.5556,0.5556,14297.2,216,10,0.3636,3220.29,3129.49,False
ret_0086dbbc3a,user_49cd2b9595,order_ba32220368,0.6667,0.6667,14297.2,506,8,0.3636,57079.01,45721.36,False
ret_fbdcdb802b,user_49cd2b9595,order_94cbea3aa7,0.5,1.0,14297.2,596,21,0.3636,19182.13,19107.19,False
ret_0842539844,user_49cd2b9595,order_d031e1e890,0.5714,0.5,14297.2,359,5,0.3636,3921.9,3558.18,False
ret_715a69ab78,user_bbba19263b,order_bec5951793,1.0,1.0,2853.61,339,7,1.0,1142.71,995.97,False
ret_de2952f831,user_bbba19263b,order_6538eca80c,1.0,1.0,2853.61,194,1,1.0,3002.3,2565.72,False
ret_d73bdffe7c,user_8ed391a7a6,order_910f2f8d82,0.375,0.375,5429.85,32,21,0.5,3378.0,2879.84,False
ret_a99f24d5a3,user_8ed391a7a6,order_7128f04517,0.5,0.5,5429.85,592,3,0.5,4669.85,4335.08,False
ret_966acd9835,user_8ed391a7a6,order_147b63b358,0.5,0.375,5429.85,42,12,0.5,1794.64,1614.36,False
ret_ecd7bb5fe9,user_90fa4976f2,order_8b541138f3,0.5,0.5,2272.13,260,19,0.5,1993.7,1951.75,False
ret_e98bf6689a,user_a231ad0174,order_a6c5481249,0.5714,0.4167,9082.05,61,29,0.8333,3775.49,3633.22,False
ret_83db5b15be,user_a231ad0174,order_279912d3f5,0.4,0.4,9082.05,214,24,0.8333,2568.64,2127.26,False
ret_5b43422a1f,user_a231ad0174,order_3c203316d7,0.3333,0.5,9082.05,285,3,0.8333,2295.83,2045.29,False
ret_1b400047f8,user_a231ad0174,order_86adc87e99,0.4167,0.4167,9082.05,18,10,0.8333,3357.58,3254.06,False
ret_79d11bf56c,user_a231ad0174,order_430672a4ec,0.5,0.4167,9082.05,46,27,0.8333,3752.99,3376.93,False
ret_10df8c30c6,user_abc7acfd7b,order_3e56fff2eb,0.5,0.5,28416.36,42,13,0.5,2332.72,2044.61,False
ret_63eef283ba,user_eb14b0b575,order_ae8f0c36ea,0.2857,0.2857,19125.49,5,0,0.5714,58328.24,53449.28,False
ret_15d1e7d1a0,user_eb14b0b575,order_540f20ae94,0.2857,0.2857,19125.49,5,0,0.5714,8162.09,7131.16,False
ret_4e340c2fad,user_cfdac02e4d,order_b982602ff3,0.2857,0.2857,24185.32,20,6,0.8571,1991.74,1855.84,False
ret_6f0e7a32d2,user_cfdac02e4d,order_0cdeb36af6,0.5,0.2857,24185.32,45,23,0.8571,13357.08,12416.75,False
ret_99b27a097b,user_b298f6b020,order_857415b144,1.0,1.0,10703.6,514,24,0.4545,1094.2,928.94,False
ret_a41c4a7aef,user_b298f6b020,order_8e2c5d6a55,0.6667,0.4,10703.6,411,5,0.4545,1607.33,1369.33,False
ret_f47e395fa3,user_2a31eb8481,order_7b17269f0f,0.3333,0.3333,5113.94,29,11,0.5,526.16,494.82,False
ret_2021f79447,user_2a31eb8481,order_e2dbea2deb,0.5,0.3333,5113.94,43,19,0.5,3524.76,2897.53,False
ret_cc8d558252,user_acbf154173,order_256b9e2516,0.3333,0.25,7015.21,57,28,0.5,4927.85,4454.53,False
ret_440e79ed91,user_575ee7a86e,order_b32e5415eb,0.2857,0.25,9166.17,113,26,0.4167,3946.72,3559.55,False
ret_946dd7a094,user_575ee7a86e,order_77be48793d,0.25,0.2,9166.17,425,12,0.4167,4631.48,4554.81,False
ret_a4b236de9c,user_7be6e558d4,order_3341273aaa,0.25,0.25,9510.73,95,12,0.5833,4538.56,4013.89,False
ret_9864878fda,user_7be6e558d4,order_963a4af3cd,0.2,0.25,9510.73,154,13,0.5833,3059.38,2851.01,False
ret_d58c56f77c,user_7be6e558d4,order_f19fe75311,0.1429,0.125,9510.73,285,28,0.5833,1353.16,1292.64,False
ret_31e8978e39,user_a7dc3a5869,order_3dc41e9c58,0.75,0.75,2769.63,15,8,0.5,3166.37,2535.89,False
ret_705f9990ec,user_a7dc3a5869,order_ec4fa327a9,2.0,0.75,2769.63,55,30,0.5,813.35,651.93,False
ret_c7f15a4f88,user_a7dc3a5869,order_e0e2ba40f2,0.75,0.75,2769.63,28,24,0.5,5551.34,5376.33,False
ret_fd9b173348,user_2f77b91256,order_8a3ceede31,0.25,0.25,2576.11,25,5,0.5,1077.22,1016.1,False
ret_4a35c58bb5,user_6bbe3c4c3e,order_bd83e7c2c2,1.0,0.25,4247.65,114,23,0.7778,3550.15,3100.45,False
ret_264e1ea9e2,user_6bbe3c4c3e,order_2b6bcfae5b,0.2222,0.2222,4247.65,16,3,0.7778,2294.42,2184.4,False
ret_2d319690dd,user_26a71b6cab,order_a8f3601648,1.0,1.0,12995.39,21,3,0.5,21405.35,18823.72,False
ret_8d5bde7943,user_26a71b6cab,order_8595e93c71,1.0,1.0,12995.39,3,2,0.5,4585.43,3791.74,False
ret_dfa6f5bca6,user_761179726e,order_6ac19e63bf,0.5,0.3333,6545.5,71,10,0.3333,1800.6,1684.92,False
ret_c3053096fb,user_761179726e,order_fd6e4f8cf4,1.0,1.0,6545.5,489,7,0.3333,22773.08,18635.75,False
ret_d62e51e280,user_fc47577adf,order_054bb210e7,0.5,0.5,9098.26,500,5,0.5,677.29,608.95,False
ret_e689bc447a,user_fc47577adf,order_9660b1dc25,0.4,0.4,9098.26,152,8,0.5,3499.43,3023.7,False
ret_44ef706716,user_1263c7dfb8,order_e2b80c88bf,0.3333,0.3333,17836.13,566,11,0.4,2495.15,2267.47,False
ret_c208cffe41,user_07f7abbbd0,order_f310bd89aa,0.25,0.1667,19527.7,48,27,0.5,678.89,660.31,False
ret_119c718104,user_6101f4347d,order_d5ef9dd5a0,0.5,0.2,11981.04,55,30,0.6,3778.13,3200.97,False
ret_8cbd5cce57,user_b5141f4dc2,order_1c488a9327,1.0,1.0,21755.91,524,23,0.5,1247.48,1148.55,False
ret_ddfcff6c9c,user_a1e270a139,order_249406770a,0.25,0.25,8253.35,345,9,0.6667,724.05,692.99,False
ret_6d42e1d2b2,user_a1e270a139,order_28cf51408e,0.2727,0.25,8253.35,42,26,0.6667,559.37,529.7,False
ret_1acbd5d0fd,user_a1e270a139,order_233036d5c8,0.25,0.25,8253.35,364,22,0.6667,1315.21,1304.96,False
ret_78d31fc84a,user_be01899af6,order_9c266be1a2,0.2,0.2,13064.69,129,30,0.6,2431.12,2116.62,False
ret_adee0278bc,user_7059b3296a,order_b86b543b0c,0.4444,0.4,12428.74,202,18,0.5,1597.35,1573.51,False
ret_11613b71fc,user_7059b3296a,order_c4431aa237,0.2857,0.2857,12428.74,314,2,0.5,607.01,567.75,False
ret_22c8f35e8b,user_7059b3296a,order_2fb3a2bb01,0.5,0.5,12428.74,603,11,0.5,768.08,618.02,False
ret_6451f1ca92,user_7059b3296a,order_45033437ad,0.5,0.4,12428.74,221,7,0.5,32856.68,28542.06,False
ret_9cbfca06e2,user_7059b3296a,order_02e193c040,0.4167,0.4167,12428.74,25,5,0.5,55480.98,47036.78,False
ret_118ab03e8e,user_fbc34a8439,order_14ba6e6617,0.5,0.25,9393.17,365,20,0.5833,1544.68,1523.95,False
ret_35b6d1325a,user_fbc34a8439,order_718e02f496,0.3333,0.3333,9393.17,157,27,0.5833,3495.03,3097.64,False
ret_e6155751f3,user_fbc34a8439,order_107272fe06,0.3333,0.3333,9393.17,27,20,0.5833,2108.66,1939.0,False
ret_4a8c8d9cf2,user_fbc34a8439,order_65a9d15ddd,0.3333,0.3333,9393.17,33,25,0.5833,2409.42,2031.29,False
ret_1b03e216c0,user_28e5874b51,order_478ef81cfe,0.25,0.2,12550.47,347,21,0.6,47555.13,46183.2,False
ret_9ccd86f60a,user_28e5874b51,order_1202085468,0.2,0.2,12550.47,22,22,0.6,1990.56,1965.13,False
ret_80797a2d95,user_52a5c334e7,order_2471ad69f8,0.5,0.4545,7973.27,36,29,0.6364,3407.91,2892.35,False
ret_d58dface19,user_52a5c334e7,order_b4e3154ad8,0.4545,0.4545,7973.27,19,9,0.6364,748.81,655.25,False
ret_a9e18d71d3,user_52a5c334e7,order_b785a11a9a,0.625,0.4545,7973.27,43,22,0.6364,4006.0,3642.98,False
ret_8129a537ab,user_52a5c334e7,order_06162600f6,0.2,0.8,7973.27,114,25,0.6364,4013.92,3652.81,False
ret_3f5dad9288,user_52a5c334e7,order_d4c94aba06,0.625,0.4545,7973.27,46,25,0.6364,3581.8,3346.92,False
ret_d63e24256d,user_f7271602a5,order_14b84f5285,0.2,0.2,21598.5,23,5,0.6,540.67,441.27,False
ret_336d90b588,user_1c99683049,order_f23d4cdda5,0.1818,0.1818,10853.84,21,2,0.6364,2022.94,1685.46,False
ret_588635243a,user_1c99683049,order_9356c39fcd,0.1818,0.1818,10853.84,28,4,0.6364,1105.12,929.36,False
ret_b3d83fd561,user_dfb642b616,order_0a3bac677c,0.5556,0.4545,9352.1,44,15,0.6364,2797.31,2333.15,False
ret_03575d11b3,user_dfb642b616,order_0d99a5b651,0.5,0.4545,9352.1,35,18,0.6364,308.07,253.49,False
ret_283e5f1402,user_dfb642b616,order_f193238bf2,1.0,1.0,9352.1,203,27,0.6364,1521.56,1363.46,False
ret_f2c454f611,user_dfb642b616,order_deeeb37155,0.5556,0.4545,9352.1,39,20,0.6364,759.43,675.71,False
ret_fa8950aca7,user_dfb642b616,order_c404d41e8f,0.4545,0.4545,9352.1,29,28,0.6364,789.86,653.19,False
ret_35bc56c6e3,user_f5e219ea39,order_a45c367a7e,0.3333,0.2857,18753.25,39,14,0.4286,2716.32,2291.44,False
ret_fdc04248fd,user_f5e219ea39,order_c10f7122dc,0.3333,0.2857,18753.25,37,27,0.4286,57538.99,56291.97,False
ret_632e904d57,user_03b2298a6d,order_43139910ef,0.2,0.2,4773.98,30,23,0.4,11960.95,11008.98,False
ret_d2089c4a0b,user_12eb316552,order_8230305c44,0.2,0.2,12227.26,28,24,0.4,888.13,860.25,False
ret_dfcdb8749e,user_2647587f44,order_3dab0a4810,1.0,0.5,13373.44,158,13,0.5,25537.33,21541.39,False
ret_c7263f184d,user_2647587f44,order_81d2f080da,0.6667,0.5,13373.44,43,25,0.5,2939.0,2822.02,False
ret_98bafd7287,user_3c5edf00f5,order_25562effa4,0.2857,0.1667,12705.16,47,20,0.5,45456.98,44660.23,False
ret_244211e404,user_3c5edf00f5,order_3e16e31b10,0.2857,0.1667,12705.16,47,17,0.5,12914.58,11737.49,False
ret_8d9fbb179b,user_8a3b1f23f2,order_0246e01ac5,0.6667,0.6667,22783.9,396,13,0.5,1961.55,1694.59,False
ret_fd62b34f6e,user_8a3b1f23f2,order_c3267d6c0b,0.6667,0.6667,22783.9,407,6,0.5,1340.97,1137.64,False
ret_228d19963b,user_23aa4efe45,order_a1702684bf,0.5,0.5,10986.73,460,20,0.5,35051.15,33600.38,False
ret_ae60fe590e,user_23aa4efe45,order_4c82a52891,0.5,0.5,10986.73,52,13,0.5,4256.44,3766.64,False
ret_9093a351d3,user_4fdbf3c166,order_c7e79d3c2a,0.4,0.3333,15459.74,195,19,0.4167,37061.46,32813.62,False
ret_bbff0e9bf6,user_4fdbf3c166,order_ab6d45ea0a,0.4286,0.25,15459.74,64,15,0.4167,47010.67,38780.05,False
ret_f58572ac50,user_4fdbf3c166,order_a6126e32fe,0.3333,0.3333,15459.74,189,25,0.4167,774.47,711.26,False
ret_b15c7f0aac,user_fe7ab0c81f,order_caf00e884b,0.25,0.375,14914.67,159,24,0.5556,3653.58,3292.01,False
ret_b85fcb4a47,user_fe7ab0c81f,order_653219d072,0.3333,0.3333,14914.67,96,29,0.5556,3914.23,3632.14,False
ret_0136d2bae1,user_fe7ab0c81f,order_ead2873da5,0.2857,0.375,14914.67,174,29,0.5556,4781.29,4758.73,False
ret_a1af2257fc,user_e7f76e0646,order_ca39504f3c,0.5,0.5,2559.51,285,5,0.6,1898.9,1644.61,False
ret_7942dfee94,user_e7f76e0646,order_934cc0e022,0.4,0.4,2559.51,18,13,0.6,3663.54,3571.62,False
ret_c113d981e0,user_a923be2b92,order_6978ceb99d,0.2,0.2,14193.32,19,7,0.5,2644.07,2320.06,False
ret_9ac2a2e20c,user_a923be2b92,order_e093ca721c,1.0,1.0,14193.32,632,10,0.5,4279.54,4005.65,False
ret_8904e917ee,user_4d01aee7f7,order_d00460a07d,0.2,0.2,2753.57,36,8,0.8,685.13,677.04,False
ret_4c416fb8c4,user_57a182048e,order_cdae839e6a,0.6667,0.6667,2564.7,490,20,0.8,2568.63,2283.59,False
ret_beaf04db1a,user_57a182048e,order_596583a9b8,1.0,1.0,2564.7,596,20,0.8,612.6,562.17,False
ret_94f5f174d7,user_57a182048e,order_bf47749541,0.75,0.75,2564.7,326,28,0.8,4399.59,3764.08,False
ret_6ac039995a,user_f5a394f42b,order_c79bcc4d28,0.4,0.4,4900.72,169,20,0.6,3851.89,3612.64,False
ret_2481a83073,user_f5a394f42b,order_ac0d6a1510,0.4,0.3333,4900.72,166,14,0.6,4810.9,3922.33,False
ret_e3f8196008,user_b727556297,order_7103d50de7,0.5,0.4,15937.36,150,3,0.4444,23393.89,19727.04,False
ret_9c1eb96c9d,user_b727556297,order_1134fd5900,0.3333,0.3333,15937.36,20,15,0.4444,1312.16,1242.15,False
ret_fa67a5cf35,user_b727556297,order_840f8cb406,0.5,0.5,15937.36,491,10,0.4444,4587.21,4463.12,False
ret_1e37fd829d,user_9602468995,order_ee7b91aceb,0.1667,0.1667,10696.13,2,0,0.5,1417.04,1398.81,False
ret_b0e50bd641,user_532394b822,order_c7ffd0bad1,0.3333,0.3333,20594.52,18,9,0.5556,48913.06,47603.64,False
ret_6d825f8143,user_532394b822,order_60f0f25b84,0.5,0.5,20594.52,280,20,0.5556,4134.43,4032.15,False
ret_e1eec48c62,user_532394b822,order_808bc8d32d,1.0,0.5,20594.52,342,11,0.5556,43555.65,36192.46,False
ret_aca14173e1,user_25cea4929e,order_19c104d1aa,0.5,0.5,2177.05,48,25,1.0,970.89,949.18,False
ret_20a68a1fa3,user_ce025631db,order_829a82c2b4,0.3333,0.3333,3134.42,12,7,1.0,4675.42,4330.77,False
ret_d6f1d4e784,user_d9580cc8e2,order_ed09c8a0e7,0.3333,0.25,11911.28,56,26,0.75,10550.35,9196.98,False
ret_1fc65e5567,user_8ba45c3713,order_9e5d15b790,0.5714,0.5714,6716.47,21,13,0.7143,2264.64,2110.19,False
ret_79bc2e6d05,user_8ba45c3713,order_9875f5dcd4,0.6667,0.5714,6716.47,40,30,0.7143,921.96,763.02,False
ret_976409c763,user_8ba45c3713,order_cbec7cdc0e,0.5714,0.5714,6716.47,29,4,0.7143,4284.49,4112.57,False
ret_787ca2acd4,user_8ba45c3713,order_5c85429893,0.5714,0.5714,6716.47,25,9,0.7143,2816.7,2524.89,False
ret_23b3e865c7,user_2a347bafc6,order_db8f46299d,0.1818,0.1818,7845.12,37,9,0.5455,4486.58,4104.8,False
ret_4602bb6899,user_2a347bafc6,order_535766e440,1.0,0.5,7845.12,485,1,0.5455,2914.35,2539.81,False
ret_e42c42bea5,user_7b2544147b,order_486972a563,0.5,0.3333,12841.92,454,2,0.5,2005.9,1639.17,False
ret_1b83c4b9dc,user_7b2544147b,order_23a92c70b8,0.2222,0.2,12841.92,79,9,0.5,2111.86,1750.56,False
ret_41c3ae5fca,user_edb7921e44,order_07c3316484,0.3333,0.3333,8853.4,227,24,0.6,3623.71,3074.36,False
ret_3a45672890,user_6bd524eb4d,order_8963674896,0.3333,0.25,2409.94,305,22,0.8,1006.49,819.64,False
ret_accd57abe3,user_6bd524eb4d,order_bab174172d,0.4,0.4,2409.94,212,8,0.8,4364.64,3790.78,False
ret_b530758cbe,user_5981d5b0e0,order_9eb12b3322,1.0,1.0,10261.69,632,1,0.5,1243.7,1110.63,False
ret_76fb6b353f,user_156f11be10,order_b99599d230,0.0909,0.0909,13884.15,24,2,0.4545,30355.11,27043.09,False
ret_bd0d0bcd57,user_f16a52298b,order_2114ab09ca,1.0,0.6667,789.87,45,16,0.6667,712.08,671.1,False
ret_51bad75b11,user_f16a52298b,order_a4c3f9ca32,1.0,0.6667,789.87,50,23,0.6667,912.12,778.59,False
ret_2397d99a28,user_9f94426581,order_6bd20675b2,0.3333,0.3333,8432.48,25,4,0.5,731.97,671.3,False
ret_6df505e544,user_9f94426581,order_27afd3901d,0.5,0.3333,8432.48,47,25,0.5,613.35,583.76,False
ret_0bc044e94b,user_9f94426581,order_3d48958654,1.0,0.5,8432.48,153,22,0.5,4002.82,3857.9,False
ret_2d1811c31e,user_9f94426581,order_b1d7797c49,0.3333,0.3333,8432.48,29,17,0.5,2779.61,2277.92,False
ret_caaa282b74,user_2bfb62dadf,order_36beb4cd65,0.6667,0.6667,9026.68,617,16,0.4,2037.36,1987.83,False
ret_e6cad63d72,user_2bfb62dadf,order_f7fddeb9fa,1.0,0.6667,9026.68,642,15,0.4,625.56,547.64,False
ret_0ec6fbc488,user_2bfb62dadf,order_33c39f83ff,0.75,0.75,9026.68,514,14,0.4,2850.02,2652.92,False
ret_6c2ea45597,user_6c84008bcb,order_f1a757409c,0.6667,0.625,3855.4,42,18,0.5,1953.06,1617.99,False
ret_85308cf11d,user_6c84008bcb,order_5e42692b71,0.8333,0.625,3855.4,34,9,0.5,3567.79,2979.21,False
ret_e4e0c882d2,user_6c84008bcb,order_6e63a87000,0.625,0.625,3855.4,9,8,0.5,2449.43,2271.9,False
ret_739932a84d,user_6c84008bcb,order_dd5e96e3bb,1.0,0.625,3855.4,52,26,0.5,1842.66,1475.4,False
ret_bb447f57a9,user_6c84008bcb,order_980ea0d386,1.0,1.0,3855.4,289,23,0.5,9156.2,8258.97,False
ret_580bfe122c,user_b56ae00500,order_f5d2222c47,0.1818,0.1818,6981.73,14,8,0.7273,2765.69,2400.0,False
ret_5c4f0d4b71,user_b56ae00500,order_a9a3ee88e4,0.25,0.2,6981.73,146,30,0.7273,616.99,608.7,False
ret_4bc37a2086,user_0272561b9d,order_4b97578e57,0.2222,0.2222,9432.65,43,18,0.5556,4793.76,4104.33,False
ret_edfdb8a74e,user_0272561b9d,order_769931bed5,0.25,0.1667,9432.65,150,12,0.5556,3110.65,2729.29,False
ret_16f876141c,user_873bdfb354,order_a59c501e71,0.4,0.25,6096.46,37,19,0.5,1502.7,1481.38,False
ret_43e8cfcd8b,user_873bdfb354,order_c2e96e4ccb,0.25,0.25,6096.46,15,13,0.5,3854.43,3711.35,False
ret_325733532d,user_9df159e5dc,order_7f8cee5e31,1.0,1.0,11193.9,380,12,0.8333,4255.9,3702.69,False
ret_57e7e7d11c,user_9df159e5dc,order_bf6927f6af,0.5,0.5,11193.9,25,15,0.8333,4486.02,3956.85,False
ret_976fc4c0c4,user_9df159e5dc,order_3acfa6cd8e,0.5,0.5,11193.9,79,26,0.8333,2654.94,2139.81,False
ret_99d5a06f73,user_875dcaf994,order_65f0efd9e4,1.0,0.3333,15748.97,530,10,0.4,3554.31,3246.78,False
ret_9c73bd7b04,user_875dcaf994,order_d3ce3e2b41,0.3,0.3,15748.97,28,2,0.4,29374.57,24550.08,False
ret_8f1299352d,user_875dcaf994,order_b276912122,0.3,0.3,15748.97,24,22,0.4,4218.65,3509.25,False
ret_001a05ed16,user_36274d1717,order_2806c7dfae,0.5,0.3333,7096.38,621,2,0.7778,1740.99,1669.83,False
ret_2d980e2e56,user_0174598ce9,order_f6cc9bf1d4,1.0,0.3333,14067.16,53,5,0.6667,699.28,608.43,False
ret_96853ace32,user_5b55c32d8d,order_cfdad636fc,0.4286,0.4286,3973.57,24,6,0.8571,1520.8,1512.77,False
ret_12dc589564,user_5b55c32d8d,order_82082271d3,0.5,0.4286,3973.57,55,26,0.8571,4841.0,4325.67,False
ret_52cbb1f8ba,user_5b55c32d8d,order_43fff8a216,0.4286,0.4286,3973.57,11,5,0.8571,1952.21,1696.79,False
ret_8476137108,user_83fcbdd55c,order_8c37596ab2,0.25,0.2222,15054.08,95,30,0.4444,1875.72,1700.88,False
ret_e5becaa30b,user_83fcbdd55c,order_b5d0fbfd2b,0.5,0.5,15054.08,504,23,0.4444,51381.76,44746.7,False
ret_dfbc8df9cc,user_88d6db2e73,order_e45fce840d,0.5,0.5,2647.64,15,11,0.75,2146.85,1781.16,False
ret_b0e8642572,user_88d6db2e73,order_68c6bc9406,1.0,1.0,2647.64,221,6,0.75,3922.14,3448.35,False
ret_ef4ae2af01,user_351ed53afa,order_0ef88ed39a,0.25,0.25,23191.63,31,7,0.5,50375.72,41743.84,False
ret_66e6ca2522,user_351ed53afa,order_75419320fe,0.3333,0.25,23191.63,50,21,0.5,2377.65,1928.56,False
ret_128ee80f3a,user_99d9ba8b62,order_fae6987f62,0.3333,0.3333,13218.38,623,16,0.5,3463.96,3157.7,False
ret_ca24020cb1,user_99d9ba8b62,order_a906c5e02e,0.2,0.2,13218.38,24,6,0.5,4341.52,3605.66,False
ret_32031a462e,user_825d65c5dd,order_28c7dff3ff,0.25,0.2,10249.56,540,9,0.5,3171.79,3128.4,False
ret_666b5852d7,user_07957260f8,order_3ac81bf294,0.4286,0.25,13727.29,46,29,0.4167,746.31,655.37,False
ret_c856d1c2ca,user_07957260f8,order_bd799ec3fb,0.25,0.25,13727.29,28,27,0.4167,26502.58,24833.19,False
ret_63b2995d91,user_07957260f8,order_c538252c41,0.5,0.5,13727.29,137,12,0.4167,36385.92,33676.7,False
ret_40e1c67eab,user_b43eb13aa7,order_7c91f14af3,0.4286,0.375,6709.86,136,21,0.6,654.24,556.8,False
ret_9c11c2adfc,user_b43eb13aa7,order_09598aa08d,0.5,0.5,6709.86,310,2,0.6,3509.44,3470.01,False
ret_98379370c3,user_b43eb13aa7,order_b84db9e070,1.0,0.5,6709.86,605,18,0.6,2389.89,2073.29,False
ret_194bb3a29f,user_b43eb13aa7,order_1569f5822f,0.4,0.4,6709.86,34,10,0.6,1504.74,1310.42,False
ret_e08684abe5,user_e70fd3b9d6,order_fce3410cb5,0.5,0.5,8596.2,18,12,0.7,3316.18,3286.54,False
ret_7ac15ee727,user_e70fd3b9d6,order_9167a16ed5,1.0,0.5,8596.2,279,2,0.7,10499.88,10493.13,False
ret_9fd716df50,user_e70fd3b9d6,order_846c03536d,0.8333,0.5,8596.2,37,24,0.7,2881.65,2720.23,False
ret_62e319e1a4,user_e70fd3b9d6,order_440c30362d,0.5,0.5,8596.2,30,26,0.7,2963.78,2841.41,False
ret_a0c085df72,user_e70fd3b9d6,order_b782d69b57,0.75,0.5,8596.2,64,22,0.7,965.73,784.06,False
ret_a76c6ae855,user_f658f53b50,order_9e876bcc72,0.3636,0.3636,9992.56,27,12,0.7273,4962.15,4047.94,False
ret_6dfee5d388,user_f658f53b50,order_6a4f04d3cd,0.3,0.3636,9992.56,87,17,0.7273,2243.69,2176.76,False
ret_c637b44bb5,user_f658f53b50,order_de931206b8,0.25,0.25,9992.56,222,14,0.7273,3225.36,2839.96,False
ret_7aab075363,user_f658f53b50,order_ee99f5f81d,0.1667,0.1667,9992.56,322,21,0.7273,4534.88,4184.98,False
ret_dc9755de20,user_1dc1b9e85c,order_9c5cd1e6a3,0.1111,0.1111,2924.76,16,2,0.5556,883.71,745.93,False
ret_0651798f1b,user_de84f1b4f2,order_863073b0a9,0.3333,0.2857,8859.89,146,26,0.5714,3362.81,3233.17,False
ret_4058dea862,user_de84f1b4f2,order_6e452a08fc,0.25,0.4,8859.89,217,11,0.5714,673.49,627.88,False
ret_918a8c2d6d,user_3beb4c9e32,order_6744c8287f,0.5,0.3333,16723.4,216,8,0.6364,4741.56,4168.94,False
ret_1f56d43346,user_3beb4c9e32,order_19fe5a2be6,0.5714,0.3636,16723.4,67,9,0.6364,43065.1,38248.81,False
ret_1d55cad25c,user_3beb4c9e32,order_af6888e6c3,0.5714,0.3636,16723.4,67,21,0.6364,4171.19,3867.65,False
ret_2c82fea83c,user_3beb4c9e32,order_2cd6cc8f0a,0.5,0.3636,16723.4,43,26,0.6364,794.15,652.24,False
ret_4b8cd51168,user_86b8f99d6b,order_c7506bff89,0.5,0.5,9903.36,174,22,0.8333,964.69,899.47,False
ret_f2e9f61424,user_86b8f99d6b,order_cde7c7f3e7,0.5,0.5,9903.36,28,19,0.8333,917.72,915.08,False
ret_d2924b60b0,user_86b8f99d6b,order_62025f9d11,0.5,0.5,9903.36,17,7,0.8333,4872.82,4606.66,False
ret_b1a01a3e76,user_5cd2486348,order_c03b25bbcb,0.1429,0.125,18382.82,41,22,0.5,2686.99,2192.69,False
ret_d91a03e6f7,user_c9649ac9d7,order_d799b2e10b,0.3333,0.2222,15805.91,34,4,0.5556,1660.65,1492.52,False
ret_16524bc158,user_c9649ac9d7,order_e4b9bda43a,0.2222,0.2222,15805.91,26,5,0.5556,13206.6,10899.26,False
ret_dbb85c91b6,user_59e6c6141e,order_ee4772570c,0.1,0.1,17927.45,7,5,0.5,3028.68,2538.19,False
ret_91b7e9b1c4,user_702d4ec80c,order_70231d58ce,0.3333,0.3333,4926.95,363,7,0.5,2657.68,2142.42,False
ret_717c28b7e2,user_702d4ec80c,order_da0e962000,0.5,0.4,4926.95,159,17,0.5,3697.18,3474.92,False
ret_a1f5db6581,user_acdc839e29,order_4db0f9bad2,1.0,1.0,17193.2,366,23,0.6667,26933.15,21651.47,False
ret_caab176b89,user_acdc839e29,order_e13a981193,1.0,1.0,17193.2,401,4,0.6667,20922.33,19325.72,False
ret_e51b04b5b0,user_65d8bfc2ce,order_d691da6550,0.3636,0.3636,3554.24,20,1,0.7273,1057.86,913.54,False
ret_1f2ff266aa,user_65d8bfc2ce,order_f2fa5b162e,0.3636,0.3636,3554.24,26,24,0.7273,1753.02,1673.38,False
ret_25ac205f22,user_65d8bfc2ce,order_0998ff4a46,0.3333,0.3333,3554.24,186,8,0.7273,2589.38,2432.11,False
ret_8bc2808bd5,user_65d8bfc2ce,order_352ca4db7f,0.3636,0.3636,3554.24,30,27,0.7273,1981.39,1802.37,False
ret_c6bca306af,user_be06b3bdd3,order_f80ddd984c,0.1667,0.1429,3042.6,31,11,0.7143,2946.06,2790.77,False
ret_a545d163e1,user_4c151e9b90,order_7724b14640,0.5,0.5,14283.57,499,12,0.4444,58988.16,54968.68,False
ret_00f1ff2803,user_4c151e9b90,order_7ddd2bab08,0.2222,0.2222,14283.57,32,17,0.4444,2250.75,2086.72,False
ret_25b2dbbc3f,user_739a7561a2,order_34f3b8777a,0.5,0.5,8965.93,159,17,0.3636,35193.5,31917.7,False
ret_12742684fd,user_739a7561a2,order_e745c0c71b,0.5,0.6667,8965.93,127,7,0.3636,4347.82,4100.43,False
ret_6ef6cdf061,user_739a7561a2,order_40258fcec4,0.4444,0.3636,8965.93,44,29,0.3636,14932.16,12510.43,False
ret_fd6c908169,user_739a7561a2,order_c0648e3718,0.3333,0.3333,8965.93,290,25,0.3636,2646.28,2139.9,False
ret_f8ad76724b,user_28cdf0a342,order_111cde8e9d,0.3333,0.2,18154.49,416,5,0.5556,1375.53,1349.77,False
ret_4cb1fcb46e,user_93b63bef9b,order_04728ced63,0.1429,0.125,2063.46,42,15,0.75,1116.04,976.43,False
ret_8d111e80bb,user_0ffbdc6f07,order_4a0eea57d6,0.25,0.25,1037.58,36,30,1.0,832.49,728.92,False
ret_9f729e688c,user_6cbb9b603d,order_95af6d43f1,0.5,0.3333,11890.52,275,17,0.3636,3616.75,2937.74,False
ret_3274c80e4a,user_6cbb9b603d,order_cd51e3bff6,0.1818,0.1818,11890.52,29,15,0.3636,1478.84,1191.01,False
ret_d4639c01c1,user_598fc8919f,order_6a7e7d07dc,0.25,0.1667,9827.88,182,14,0.5455,3581.21,3563.33,False
ret_9b11a44d4b,user_598fc8919f,order_61633793b6,0.3636,0.3636,9827.88,20,3,0.5455,3217.69,3005.12,False
ret_13601da529,user_598fc8919f,order_e212657655,0.4444,0.3636,9827.88,44,30,0.5455,34257.54,33083.72,False
ret_a92a50cd0e,user_598fc8919f,order_fa17fe162e,0.4,0.3636,9827.88,42,6,0.5455,4542.85,3645.02,False
ret_4d232b235e,user_1d8aebe094,order_9c5f7da081,0.2222,0.2222,12588.28,22,3,0.3333,4953.91,4363.86,False
ret_8bd256079b,user_1d8aebe094,order_524e2086f4,0.3333,0.2222,12588.28,47,26,0.3333,17603.76,16853.5,False
ret_611d496b63,user_f01f9f92dc,order_b844beb325,0.1818,0.1818,17275.35,24,15,0.8182,3950.7,3742.61,False
ret_560ed4bb36,user_f01f9f92dc,order_2c522e2af9,0.125,0.1818,17275.35,56,23,0.8182,37691.87,34058.96,False
ret_236e84c86b,user_6cf1835e03,order_244c989f1b,0.25,0.125,16921.65,51,5,0.375,2800.75,2711.29,False
ret_b3572457b8,user_1d5123e82d,order_e0ac2b9ef1,0.5,0.5,12640.8,8,3,0.5,4266.49,4095.66,False
ret_88472dc69e,user_1d5123e82d,order_956216999c,0.5,0.5,12640.8,27,18,0.5,38872.9,37686.78,False
ret_707be12ea5,user_515c63cba3,order_eb331dff01,0.5,0.3333,9381.04,224,30,0.625,1935.27,1670.56,False
ret_299494867d,user_515c63cba3,order_80f1f142ce,0.5,0.5,9381.04,329,5,0.625,842.12,681.18,False
ret_44129941de,user_423ea9fee2,order_7cd768479d,1.0,1.0,8926.8,171,17,0.7778,1217.04,975.4,False
ret_471191003e,user_423ea9fee2,order_7703f299f3,0.2222,0.2222,8926.8,24,8,0.7778,2446.66,2087.47,False
ret_9bc0a922e5,user_a99d528234,order_f0e9ce9208,1.0,1.0,22459.68,131,15,0.5,1987.66,1677.83,False
ret_34ecbadc9c,user_a99d528234,order_c9a4c4c52c,1.0,1.0,22459.68,24,18,0.5,42931.69,37302.41,False
ret_3e1c95bff7,user_34c735c9ef,order_c0a6ebe166,0.3333,0.3333,9758.57,23,7,0.5,1806.59,1678.29,False
ret_235d2448e0,user_34c735c9ef,order_6d72fb892f,0.3333,0.3333,9758.57,23,8,0.5,969.18,875.15,False
ret_db1cff4ad4,user_621badb739,order_a340a73031,0.1818,0.1818,2824.99,29,12,0.8182,3210.29,2840.66,False
ret_f437863309,user_621badb739,order_1b60c6b4e4,0.1818,0.1818,2824.99,19,13,0.8182,2998.21,2673.43,False
ret_24a0ddb135,user_d1e3bb5a1a,order_7a9c83f33c,0.1818,0.1818,8939.51,23,21,0.4545,3034.15,2858.03,False
ret_9a5cd2415b,user_d1e3bb5a1a,order_2d24bc7b80,0.1818,0.1818,8939.51,18,7,0.4545,1809.71,1462.38,False
ret_d4b2579d31,user_dc0af13b5c,order_575d3d9db5,0.5,0.4,13273.52,300,19,0.4,4779.82,3882.29,False
ret_340c7afe99,user_dc0af13b5c,order_7025cdf614,0.5,0.4,13273.52,307,5,0.4,4717.36,4529.12,False
ret_f670216a83,user_dc0af13b5c,order_6c96adfdde,0.4,0.4,13273.52,24,18,0.4,3660.04,3586.87,False
ret_fc012686db,user_dc0af13b5c,order_64c7ff8597,0.3333,0.3333,13273.52,119,7,0.4,40282.01,37066.11,False
ret_52ea1bee06,user_8360ac815a,order_008254ad9d,0.5,0.6667,11215.43,511,4,0.5556,1806.59,1743.18,False
ret_b6d2144ab5,user_8360ac815a,order_c5be69b2b7,0.5,0.75,11215.43,422,13,0.5556,876.12,869.85,False
ret_9628144715,user_8360ac815a,order_13dc9a3a84,0.6,0.6,11215.43,341,15,0.5556,1805.0,1790.24,False
ret_b159e44b7d,user_fa3bece075,order_c5d0d890ce,0.5,0.4,14622.43,533,27,0.7778,4362.16,4114.0,False
ret_f6f2600b62,user_fa3bece075,order_5769f49a2a,1.0,1.0,14622.43,725,27,0.7778,1944.77,1702.58,False
ret_4092ee984d,user_a55b994281,order_7acf33b8f2,0.2,0.1111,4576.27,45,21,0.4444,2921.82,2365.83,False
ret_b686931855,user_8c67814cd2,order_7eb1c9439f,0.4,0.3333,15603.56,311,29,0.4444,2860.7,2610.44,False
ret_76f7186de4,user_8c67814cd2,order_247d1c2103,0.3333,0.3333,15603.56,292,23,0.4444,33923.76,28736.04,False
ret_a8c3b9b52b,user_8c67814cd2,order_b981860f75,0.375,0.3333,15603.56,67,13,0.4444,54714.79,46266.66,False
ret_21ea30eb89,user_aeb569937e,order_f59679b401,0.5,0.5,14891.87,264,28,0.5556,2215.44,2190.22,False
ret_07222c56c4,user_aeb569937e,order_e4ef81f56b,0.5,0.3333,14891.87,146,9,0.5556,4628.45,4449.75,False
ret_fa00943798,user_c9ba3d2c90,order_8125dcb123,1.0,1.0,14339.88,279,7,0.5714,539.9,502.98,False
ret_843d4056c1,user_c9ba3d2c90,order_c40f20b76b,0.3333,0.2857,14339.88,45,22,0.5714,39794.72,39147.83,False
ret_1e80831bad,user_375c834217,order_4f201ea2c7,0.375,0.375,6196.61,19,14,0.5,570.18,471.02,False
ret_4390850358,user_375c834217,order_b352bc99c8,0.375,0.375,6196.61,23,1,0.5,2805.47,2307.36,False
ret_c3fcecc3b0,user_375c834217,order_6edd5ae2ae,0.375,0.375,6196.61,23,15,0.5,1315.59,1106.33,False
ret_af19f8e987,user_e1f487f3de,order_c214982fc2,0.25,0.25,2640.48,23,1,1.0,3533.71,3155.69,False
ret_6f0f635748,user_f202c5845b,order_4513a64392,0.0909,0.0909,8955.23,42,19,0.4545,754.28,700.97,False
ret_f910709c09,user_dc1b7474ec,order_b49b6b63ce,0.1111,0.1111,18665.54,1,0,0.5556,2744.2,2412.24,False
ret_8d47d62de1,user_89911d80d8,order_70fa93435c,0.4,0.3333,7410.55,40,11,0.5,1586.85,1494.21,False
ret_b0361fd4b9,user_89911d80d8,order_dd4d5e05b4,1.0,0.5,7410.55,205,24,0.5,16958.8,16275.54,False
ret_88fcf75da8,user_c9d0fe2d5d,order_976ce8cf2a,1.0,0.6667,4951.23,45,23,0.8333,2897.56,2656.52,False
ret_db9df0405b,user_c9d0fe2d5d,order_be527c002f,0.6667,0.6667,4951.23,36,29,0.8333,3979.99,3211.08,False
ret_3ee8ad1b63,user_c9d0fe2d5d,order_1be139cfc9,0.6667,0.6667,4951.23,22,7,0.8333,4528.44,3833.98,False
ret_bd1eb9ceea,user_c9d0fe2d5d,order_3e0961a25d,0.6667,0.6667,4951.23,35,13,0.8333,3950.7,3662.0,False
ret_0009c37e02,user_c0ff1656e7,order_f2c97e3431,0.2857,0.2857,8497.11,23,10,0.4286,3117.44,3010.72,False
ret_08ec64eb17,user_c0ff1656e7,order_1bb9af6185,0.6667,0.2857,8497.11,52,24,0.4286,2282.55,1826.48,False
ret_58cdee60d4,user_c0698591ab,order_7c81aa742f,0.2857,0.25,21061.4,32,26,0.5,3546.52,3507.44,False
ret_6abbe2bb10,user_c0698591ab,order_fb187b64d7,0.25,0.25,21061.4,31,30,0.5,2810.96,2532.67,False
ret_70b030daca,user_4d3f96ad01,order_3f2a6adeab,0.5,0.3333,2378.49,48,25,0.3333,2837.29,2523.64,False
ret_b821191b27,user_2b99d8751f,order_4829a8e6eb,0.3333,0.4,10347.07,160,17,0.6364,2438.35,2410.74,False
ret_74ff9be46c,user_2b99d8751f,order_6bda9de263,0.4,0.2,10347.07,107,15,0.6364,4773.14,4240.98,False
ret_46935665fa,user_d6c268fee0,order_7e20b72283,0.3333,0.1429,10170.25,45,18,0.5714,1578.85,1277.29,False
ret_359a2c4809,user_c01c81b303,order_ed666db5f0,0.3333,0.25,17341.24,48,19,0.5,43189.32,37477.41,False
ret_96ac010451,user_c01c81b303,order_75656642b2,0.25,0.25,17341.24,16,10,0.5,3209.8,3088.24,False
ret_69527cd9e4,user_ad985aca4f,order_c028d2139f,0.2,0.1667,19955.87,37,19,0.6667,1913.89,1615.32,False
ret_9eaa5dbede,user_ad985aca4f,order_7b05a5ea76,0.1667,0.1667,19955.87,16,13,0.6667,4632.84,3804.69,False
ret_5fe69a969d,user_077a2949f6,order_433dd9fc9d,1.0,1.0,11135.07,128,3,0.5,39680.66,38880.84,False
ret_e8518b2b71,user_2776f1736e,order_670eb6c5bb,0.5,0.25,2459.91,655,26,0.5,2047.01,1954.66,False
ret_72f429ac80,user_2776f1736e,order_87a5b9ce45,0.2857,0.2857,2459.91,334,30,0.5,3862.18,3793.99,False
ret_97d84754b7,user_5390aefb3d,order_516acd10b6,0.1818,0.1818,9024.56,28,26,0.4545,3291.34,3266.28,False
ret_bab83e1e24,user_5390aefb3d,order_5b40cf3c2c,0.5,0.5,9024.56,297,25,0.4545,783.68,688.11,False
ret_c8ba69ac7b,user_4207a11554,order_74b7cf6a12,1.0,0.75,12740.76,455,21,0.5833,3427.1,2988.42,False
ret_b4b918942d,user_4207a11554,order_2438a80a5c,0.4545,0.4167,12740.76,77,25,0.5833,2203.16,1801.15,False
ret_f1e1179429,user_4207a11554,order_1e0d012bc4,0.5,0.4444,12740.76,209,20,0.5833,783.07,776.91,False
ret_c90afdc39c,user_4207a11554,order_9fca2cff23,0.75,0.6,12740.76,433,23,0.5833,3725.59,3510.33,False
ret_0a9c132311,user_4207a11554,order_f41ae9be68,1.0,2.0,12740.76,532,28,0.5833,2128.84,1716.26,False
ret_dcc8898d0d,user_09ea25fa27,order_1c07796e91,0.4,0.4,15844.96,31,4,0.4,33551.51,31224.0,False
ret_6823cdcbf0,user_09ea25fa27,order_e536850caf,0.6667,0.4,15844.96,45,15,0.4,1476.55,1334.6,False
ret_de0c387a95,user_cf945e5ae3,order_be7900fcbb,0.2857,0.2857,25053.61,38,12,0.7143,3907.38,3305.96,False
ret_815b41b916,user_cf945e5ae3,order_aa37007dcf,0.1667,0.3333,25053.61,125,9,0.7143,9439.17,8384.59,False
ret_1537bf0149,user_529c82ca12,order_2f0ea8c60d,0.25,0.125,13953.09,86,19,0.625,1787.7,1763.69,False
ret_ce2f09a037,user_0503b9ad37,order_2fd0442444,0.2,0.2,8448.38,30,13,0.6,3209.37,2924.11,False
ret_dc8cff85e4,user_e25bf75734,order_355857bbb9,0.3333,0.3333,2645.87,174,27,0.8,2350.09,2316.22,False
ret_ee8f7f1c50,user_3d792e6cfa,order_dbb4589c12,0.5,0.5,26441.88,33,13,0.5,2249.19,1979.69,False
ret_87e5bbe6b0,user_de20779f4c,order_0b55598d5d,0.6667,0.4,14320.1,90,13,0.4,1706.84,1621.28,False
ret_59227a3f26,user_de20779f4c,order_ad7cb1f0bc,1.0,1.0,14320.1,292,25,0.4,59980.64,56472.02,False
ret_4a629fe1e4,user_872a061c9c,order_373a4cf823,0.5,0.3333,18193.42,454,12,0.5,4339.28,3662.4,False
ret_918ac4b2e6,user_872a061c9c,order_022feb3e67,0.4,0.3333,18193.42,182,14,0.5,2699.88,2584.66,False
ret_e7c5d40f5c,user_b7f6385f64,order_7152a2da8d,1.0,1.0,7504.85,196,0,0.5,2865.6,2424.97,False
ret_757dd67582,user_b7f6385f64,order_708d5f0e21,0.25,0.25,7504.85,35,22,0.5,1325.43,1164.89,False
ret_09a63b7123,user_b7f6385f64,order_a426b735a8,0.25,0.25,7504.85,42,12,0.5,511.41,461.18,False
ret_30d5c19152,user_7fec9452e0,order_b7a6ccee57,0.25,0.0833,7794.6,45,26,0.4167,4108.65,3956.42,False
ret_c027903d9a,user_eb48404527,order_f11ab531ee,0.6667,0.6667,3221.76,24,18,1.0,3747.7,3336.92,False
ret_81aa61766f,user_eb48404527,order_894387b04d,0.6667,0.6667,3221.76,36,10,1.0,4952.46,4877.7,False
ret_a5dc60be00,user_d8d88e452b,order_d04ca3cddd,0.5,0.6667,14860.09,582,13,0.5,4357.0,3746.17,False
ret_d5a34c8888,user_d8d88e452b,order_ec3e4e8783,0.6667,0.5,14860.09,532,7,0.5,899.55,879.66,False
ret_2b7d97ceca,user_b1ff3601b9,order_aefb35a993,0.6667,0.5,10468.49,250,6,0.6,642.67,591.22,False
ret_54eaab445c,user_b1ff3601b9,order_2fba7e51d5,0.6667,0.5,10468.49,245,4,0.6,2447.21,2020.11,False
ret_3cea8c26ba,user_b1c7e14260,order_3917d5573c,0.8,0.625,3485.12,48,20,0.75,3028.86,2821.93,False
ret_bfc51b9e9a,user_b1c7e14260,order_6623dbb1f0,1.0,0.625,3485.12,62,20,0.75,3840.95,3704.61,False
ret_6b51f84e97,user_b1c7e14260,order_fd1176011f,0.625,0.625,3485.12,14,13,0.75,4981.32,4336.36,False
ret_68d24a21ca,user_b1c7e14260,order_bd22db9060,0.625,0.625,3485.12,20,20,0.75,4493.59,4172.45,False
ret_556c634d14,user_b1c7e14260,order_84cf0ce84e,1.0,1.0,3485.12,213,6,0.75,3312.48,3102.22,False
ret_66eae60abb,user_3d7f399b1d,order_7d56c47d97,0.3333,0.3333,13852.51,9,5,0.4167,3489.36,3391.35,False
ret_5151967b0f,user_3d7f399b1d,order_30e70e4ddf,0.5,0.3333,13852.51,116,5,0.4167,2827.3,2593.7,False
ret_8437beddd1,user_3d7f399b1d,order_344cef5f31,0.3333,0.3333,13852.51,13,12,0.4167,4435.19,3872.04,False
ret_6a8191299b,user_3d7f399b1d,order_b4aa91899e,0.25,0.3333,13852.51,44,30,0.4167,4210.5,3800.65,False
ret_044fc81448,user_7b6ea1c605,order_e94b8efe91,0.5,0.5,5326.63,308,25,0.75,4628.53,4477.05,False
ret_b572c52b6c,user_ea4a5081e8,order_4052535488,0.3333,0.3333,1877.54,24,6,1.0,1096.57,1047.56,False
ret_e105bd8c17,user_f78190b85b,order_c086801c21,0.5,0.5,2020.89,34,8,1.0,782.39,749.58,False
ret_ea3fbfe09f,user_f78190b85b,order_2b9dca57f7,0.6667,0.5,2020.89,40,14,1.0,2733.96,2625.38,False
ret_9a3a072bae,user_9ed392abe5,order_ec2c306505,0.3333,0.3333,13220.07,347,3,0.5833,857.56,701.97,False
ret_a97e7e6c4b,user_9ed392abe5,order_1d9b79e41e,0.1667,0.1667,13220.07,23,6,0.5833,1983.33,1747.67,False
ret_66ac233c11,user_383d64f0e6,order_d757aeac67,0.25,0.25,12004.94,151,15,0.4,469.52,436.49,False
ret_7917d70525,user_383d64f0e6,order_97ca157a12,0.1667,0.1429,12004.94,286,19,0.4,1338.57,1116.04,False
ret_d72c22afbf,user_da35525397,order_8b5a47be8b,0.5,0.3636,6635.22,40,18,0.6364,4069.26,3654.72,False
ret_70ec227b0f,user_da35525397,order_841e2f5aee,0.3636,0.3636,6635.22,17,7,0.6364,913.33,772.75,False
ret_cd95e0f799,user_da35525397,order_d78219a3b5,0.6,0.3636,6635.22,54,29,0.6364,2999.84,2993.46,False
ret_4041d0c160,user_da35525397,order_359f937dc5,0.5714,0.3636,6635.22,42,30,0.6364,3945.53,3365.93,False
ret_b3dff462e6,user_2dad67d59d,order_e205523ffc,0.25,0.25,2473.2,154,3,0.625,2364.04,2189.84,False
ret_7f9e20af38,user_6f4fd20cef,order_6285a3f7e9,1.0,0.6667,2927.64,461,9,0.6,1343.92,1169.1,False
ret_b95db458e6,user_6f4fd20cef,order_e673bbb4bf,0.6667,0.6667,2927.64,450,20,0.6,1756.17,1622.85,False
ret_a9652bc1be,user_fc2a2e004d,order_7361c16749,0.3333,0.3333,3742.24,10,7,0.8889,4535.82,3993.07,False
ret_f750f26154,user_fc2a2e004d,order_467abad223,1.0,0.5,3742.24,309,1,0.8889,2426.48,2144.29,False
ret_24b73bed61,user_fc2a2e004d,order_50c04dd520,0.3333,0.3333,3742.24,24,12,0.8889,2412.43,2365.83,False
ret_de7d5b8700,user_90da26ee93,order_e6c551cb75,1.0,0.25,19363.05,447,17,0.5455,55304.52,44625.45,False
ret_a02212a3c4,user_90da26ee93,order_b8e543a272,0.1818,0.1818,19363.05,37,11,0.5455,1430.23,1172.37,False
ret_977570f045,user_ae1ced3099,order_057773ad35,0.6,0.375,4358.01,73,23,0.75,1571.52,1477.25,False
ret_c41e40cc21,user_ae1ced3099,order_a68edc1adb,1.0,1.0,4358.01,326,7,0.75,3652.51,3594.38,False
ret_918ca4175b,user_ae1ced3099,order_b5d324b77b,1.0,1.0,4358.01,357,17,0.75,4680.84,3846.19,False
ret_202cee777e,user_6075c9d333,order_c9bf4ca186,0.8,0.5714,10555.92,41,14,0.7143,2738.58,2471.59,False
ret_55f23b7002,user_6075c9d333,order_5f61677845,0.5714,0.5714,10555.92,25,20,0.7143,3094.47,3024.01,False
ret_4eb87d4bda,user_6075c9d333,order_0733bace67,0.5714,0.5714,10555.92,31,21,0.7143,1566.23,1274.29,False
ret_1d8d24eadc,user_6075c9d333,order_51e60c6978,0.5,0.5,10555.92,195,18,0.7143,3436.49,2795.41,False
ret_ed88e1045d,user_74e294f91c,order_2ece159c36,0.1667,0.1429,21853.85,38,16,0.5714,2466.12,2194.65,False
ret_4e75eda4e6,user_28c4466934,order_37698023ec,0.1818,0.1818,10224.01,24,12,0.4545,719.19,596.15,False
ret_39a81edd92,user_28c4466934,order_41c0d69289,0.2,0.1818,10224.01,84,21,0.4545,2067.43,1685.49,False
ret_99543cbbab,user_7409dbcd05,order_c842e6f265,0.3333,0.3333,8040.48,25,24,0.75,1096.72,1055.29,False
ret_8e95f66d47,user_7409dbcd05,order_420ee01bf2,1.0,0.5,8040.48,451,16,0.75,3602.96,3381.54,False
ret_744d78d8f2,user_7409dbcd05,order_d01a36ea34,0.3636,0.3333,8040.48,35,8,0.75,2157.75,1943.23,False
ret_4fe9be7f3c,user_7409dbcd05,order_150bb4b3c5,0.2727,0.3333,8040.48,57,19,0.75,1494.63,1237.77,False
ret_568ba4e149,user_3a59979ddb,order_3ebb587b5a,0.1429,0.1429,2022.17,21,16,0.5714,2085.52,1993.56,False
ret_f9b8b52169,user_339e278a63,order_caa6e07a6a,0.6667,0.6667,1865.91,21,3,1.0,1200.31,1038.26,False
ret_d1587d9370,user_339e278a63,order_5f36612545,1.0,1.0,1865.91,312,15,1.0,2517.34,2199.87,False
ret_2570b97a03,user_2e1b3abf2c,order_b519f9dfe0,0.3,0.3,6321.87,98,19,0.4167,1343.19,1215.72,False
ret_7bce7d9916,user_2e1b3abf2c,order_2cc5dd46c6,0.25,0.2,6321.87,302,7,0.4167,1300.41,1128.05,False
ret_f74a4aad7f,user_2e1b3abf2c,order_d48889e196,0.2857,0.3,6321.87,151,21,0.4167,1624.81,1334.52,False
ret_a457ac7265,user_7435bd758d,order_ded5881573,0.6667,0.5,4121.86,34,4,0.5,4491.12,4095.67,False
ret_034e6ac4bc,user_7435bd758d,order_c0cbc54e48,0.5,0.5,4121.86,11,2,0.5,7903.31,7140.45,False
ret_2a3ed0a86b,user_7f80c83f13,order_d50fbd9c6a,0.0833,0.0833,8853.07,19,18,0.4167,4070.71,3516.33,False
ret_baa347acc1,user_3fc5e940c5,order_fc1be786eb,0.5714,0.3333,11049.49,42,28,0.4167,1622.51,1565.55,False
ret_7c47280b08,user_3fc5e940c5,order_f8aa38f8a4,0.5,0.3333,11049.49,41,23,0.4167,3013.65,2624.52,False
ret_f6496a8c84,user_3fc5e940c5,order_e86f714ebb,0.3333,0.3333,11049.49,12,8,0.4167,2372.67,2361.91,False
ret_83df9a6cc6,user_3fc5e940c5,order_2cec748877,0.3333,0.3333,11049.49,30,28,0.4167,2762.27,2394.98,False
ret_379371a8ce,user_1555c4aa21,order_ebf1b65bfa,0.1111,0.1111,17538.89,12,1,0.5556,44077.83,44045.31,False
ret_c7f152f017,user_1bd828b62e,order_fa78322c79,1.0,1.0,4134.22,62,12,1.0,4163.18,3926.1,False
ret_727b6b18b6,user_1bd828b62e,order_f53128bbab,1.0,1.0,4134.22,349,3,1.0,4105.25,3695.38,False
ret_2fbc6c7a3d,user_2a214ec75f,order_c1e178f866,0.6667,0.6667,2842.49,33,20,1.0,1106.22,1011.96,False
ret_5a71a733b0,user_2a214ec75f,order_d86609e373,0.6667,0.6667,2842.49,18,1,1.0,3354.83,2871.8,False
ret_57fe737129,user_ea00c4513a,order_ae781f11bc,0.2857,0.2857,23739.52,44,19,0.5714,882.89,745.73,False
ret_cf302c4310,user_ea00c4513a,order_51a5d40244,0.2857,0.2857,23739.52,38,11,0.5714,3809.97,3611.29,False
ret_4d3534e4e8,user_ac4a0d260e,order_658ac2e5b0,0.2,0.2,11570.47,23,12,0.6,3351.57,3284.89,False
ret_882633c653,user_f7211c1007,order_785f494f34,0.25,0.2,17011.5,266,25,0.4545,3570.99,2956.66,False
ret_fe861623db,user_062aeeb227,order_b955bc7d4e,0.1429,0.1429,13263.3,21,8,0.4286,2961.04,2461.83,False
ret_9e54ef4ff0,user_00c68f75e8,order_371c3bc6c5,0.4286,0.4286,3949.38,29,1,0.4286,1121.33,966.43,False
ret_e55846373e,user_00c68f75e8,order_dc33d7e20f,0.4286,0.4286,3949.38,29,9,0.4286,1615.31,1429.36,False
ret_680faee5f0,user_00c68f75e8,order_b6ea942348,0.4286,0.4286,3949.38,29,18,0.4286,5059.97,4364.4,False
ret_355e9402a5,user_0a3a8925fa,order_62cc87147b,0.2,0.2,19032.05,32,2,0.6,751.84,734.17,False
ret_cb66c768c5,user_a2948602b2,order_8e9f63b389,0.125,0.1111,7512.96,39,12,0.5556,2239.39,1904.95,False
ret_c4df1d2a44,user_0a415f43d0,order_417575d809,0.3333,0.3333,19885.46,33,3,0.5556,3036.5,2906.76,False
ret_ad42838c2f,user_0a415f43d0,order_450be346b1,1.0,0.25,19885.46,135,14,0.5556,3507.93,3315.63,False
ret_cecdb80474,user_0a415f43d0,order_407f006a3a,0.375,0.3333,19885.46,38,15,0.5556,764.23,723.43,False
ret_c011a3cf20,user_7faf28fcb4,order_b34b7e4586,1.0,1.0,2223.36,347,30,0.5,4381.24,3846.24,False
ret_20a96796d4,user_7faf28fcb4,order_46d1af6ec8,0.5,0.5,2223.36,49,18,0.5,960.63,841.08,False
ret_c302d405c7,user_9ca432b080,order_7fee6a9173,0.2857,0.2857,9261.93,31,12,0.5714,1728.08,1423.83,False
ret_107f9a1d9b,user_9ca432b080,order_a383ba8c88,0.2857,0.2857,9261.93,44,15,0.5714,3646.45,3468.93,False
ret_c12fe18180,user_2339360113,order_eb4e4146f0,0.5,0.5,1880.96,22,20,0.5,1226.82,1032.88,False
ret_2daa7fb534,user_2339360113,order_9072c82418,1.0,0.5,1880.96,83,5,0.5,618.56,570.6,False
ret_dd56bf1908,user_2339360113,order_56d85ae25c,1.0,0.5,1880.96,67,3,0.5,3055.08,2897.48,False
ret_880a6c6a1a,user_717da990c7,order_d805e54770,0.3333,0.3333,1093.25,5,0,0.6667,775.13,639.46,False
ret_d63e8478c8,user_28fd873c29,order_ee3ef78ee0,0.25,0.25,13543.1,33,19,0.5,4454.69,3753.31,False
ret_8c3c4e2f7d,user_28fd873c29,order_3a5a0e6166,0.6,0.25,13543.1,50,22,0.5,650.81,607.86,False
ret_4ecb272bfc,user_28fd873c29,order_b92cc89234,1.0,1.0,13543.1,145,2,0.5,839.19,752.33,False
ret_d9604c3e4c,user_3ee8120a2d,order_09e2b1c473,0.4286,0.375,15844.67,57,25,0.375,1437.54,1261.69,False
ret_3323bf65d2,user_3ee8120a2d,order_b29f2974d5,0.3333,0.25,15844.67,221,28,0.375,2676.95,2320.19,False
ret_88520fd61b,user_3ee8120a2d,order_4e671ec6e6,0.375,0.375,15844.67,40,7,0.375,2986.55,2407.65,False
ret_bec23a0e4f,user_6788a09584,order_2a52feed88,0.2857,0.1667,21487.69,41,18,0.5,4967.9,4694.1,False
ret_eb9799708a,user_6788a09584,order_b7e2b9d7c0,0.3333,0.1667,21487.69,47,24,0.5,2469.57,2338.2,False
ret_90bf234fd3,user_90e852101b,order_87cc72fd6a,1.0,1.0,10600.76,205,17,0.5,3034.34,2584.39,False
ret_fb59ece04c,user_a281d21f95,order_2f1e042002,0.3333,0.3333,3177.97,26,4,1.0,4777.77,4206.22,False
ret_0f02600d8a,user_e99d8b5f82,order_b34ecad49d,0.3333,0.3333,27356.17,28,2,0.6667,3232.96,2745.27,True
ret_25b910ff66,user_e99d8b5f82,order_09c2733ece,0.3333,0.3333,27356.17,10,3,0.6667,33100.17,30081.34,True
ret_fcccf84210,user_f0f363f09f,order_bca7b8c37a,0.25,0.25,25528.71,19,3,0.75,25228.05,21577.45,True
ret_11931bbec3,user_d016824878,order_8f40f78cc3,0.5714,0.4444,29992.41,36,14,0.6667,2964.92,2925.94,True
ret_302f33b32e,user_d016824878,order_67af6804fa,0.6667,0.4444,29992.41,43,14,0.6667,1552.73,1405.29,True
ret_c1cf94ed05,user_d016824878,order_7f7f58324c,0.4444,0.4444,29992.41,19,16,0.6667,54429.56,49689.72,True
ret_49baebedfa,user_d016824878,order_d797612072,0.4444,0.4444,29992.41,30,27,0.6667,36800.34,35900.39,True
ret_76ab2e03f9,user_0ba4b276e0,order_71c99c838c,0.5,0.25,23718.61,133,13,0.8571,11213.04,9725.25,True
ret_0b1e5c1ec8,user_251b5751b0,order_d3f0eb7370,0.1429,0.1429,17753.54,10,9,0.8571,19256.5,15420.26,True
ret_ee0d7bb0fc,user_b75666db61,order_8e144935dc,0.2,0.2,25148.74,26,11,0.6,45876.47,39545.38,True
ret_fb1c281951,user_cfb9dfd06f,order_b125ee1ff1,0.5,0.5,10642.96,29,10,0.75,2781.19,2671.08,True
ret_d5798fa5eb,user_cfb9dfd06f,order_18c31c4c16,0.5,0.5,10642.96,33,22,0.75,596.03,499.11,True
ret_bc3b6f0bf1,user_36966bcf42,order_5c36a61274,0.25,0.25,1914.86,14,2,0.625,705.66,647.51,True
ret_e50d716538,user_36966bcf42,order_e44d3c15c2,0.25,0.25,1914.86,15,5,0.625,2238.07,1943.59,True
ret_978f736426,user_274802c1bf,order_f81cb1a30e,0.1667,0.1111,13348.35,41,11,0.6667,1548.81,1392.41,True
ret_6b27fcbced,user_7259f68186,order_2b035a422d,0.5714,0.5714,1438.37,32,16,0.8571,1366.94,1201.95,True
ret_40be2a672c,user_7259f68186,order_32ecc90d00,0.5714,0.5714,1438.37,7,2,0.8571,323.5,270.76,True
ret_a3baba6e31,user_7259f68186,order_8926a6cfaa,0.8,0.5714,1438.37,36,26,0.8571,4868.43,4368.63,True
ret_61d0997b85,user_7259f68186,order_fdc5338c20,0.5714,0.5714,1438.37,11,1,0.8571,549.97,508.16,True
ret_281538d6f1,user_a949d85b91,order_a273886288,0.2,0.1667,7843.39,37,22,0.5,1509.4,1412.78,True
ret_67153e4c85,user_7e36b2e5c0,order_a41cf7ac90,0.1111,0.1111,2183.1,23,0,0.6667,3629.31,3392.28,True
ret_727840ab99,user_eefdebfc6d,order_1560964bc2,0.4,0.4,2999.71,20,14,0.6,1729.92,1404.2,True
ret_8da8818b9b,user_eefdebfc6d,order_d8e6a8c0f4,0.4,0.4,2999.71,17,6,0.6,4001.53,3926.39,True
ret_968de3f904,user_eedb2b7dbe,order_9e1194628a,0.1667,0.1667,8920.67,1,0,0.6667,29160.31,25071.26,True
ret_febcd4bb44,user_d14e729ece,order_7353e1a31f,0.1667,0.1667,4671.63,8,7,0.5,2714.62,2661.83,True
ret_afa101914e,user_6b03629d05,order_3b37183307,0.5,0.5,1844.19,2,2,0.6667,4584.99,4035.92,True
ret_b9353565a7,user_6b03629d05,order_dafdfa2194,0.5,0.5,1844.19,9,1,0.6667,725.66,696.92,True
ret_35889981ed,user_6b03629d05,order_59532aa548,0.5,0.5,1844.19,9,0,0.6667,374.76,320.16,True
ret_f4b8eacc19,user_acde15fe10,order_3f9c4807dc,0.2222,0.2222,2837.14,5,0,0.6667,1649.59,1539.23,True
ret_59b8205437,user_acde15fe10,order_5551e1574c,0.2222,0.2222,2837.14,5,1,0.6667,820.52,739.26,True
ret_5d53b34a5b,user_7a0527e3ae,order_89d01dd86c,0.125,0.125,7813.68,4,0,0.75,3328.79,2965.89,True
ret_7352a90178,user_27c2ba7533,order_0530e6ff16,0.1667,0.1667,1450.59,9,0,0.8333,1394.21,1360.06,True
ret_39c9212ed8,user_9e3dc8185a,order_1cc253e37b,0.5714,0.5714,1816.92,0,0,0.8571,3724.71,3375.69,True
ret_39dacd3ebe,user_9e3dc8185a,order_4d420d2964,0.5714,0.5714,1816.92,0,0,0.8571,1807.21,1770.79,True
ret_54b9a5c790,user_9e3dc8185a,order_f4feb784f2,0.5714,0.5714,1816.92,0,0,0.8571,848.73,748.22,True
ret_a7879b7fc4,user_9e3dc8185a,order_f5e69de5fd,0.5714,0.5714,1816.92,0,0,0.8571,1693.12,1578.2,True
ret_eab36911c0,user_b02b255fe9,order_2a64b9034c,0.5,0.3333,12623.15,39,26,0.6667,4644.12,3851.87,True
ret_ad67eab602,user_b02b255fe9,order_ef14f05201,0.3333,0.3333,12623.15,28,3,0.6667,3764.27,3650.97,True
ret_d2a1bf6782,user_a7f5639895,order_64bfb11a3a,0.5,0.4286,4839.0,45,18,0.8571,1124.57,987.62,True
ret_cf33378c26,user_a7f5639895,order_b34c2d9a39,0.4286,0.4286,4839.0,26,2,0.8571,507.41,492.24,True
ret_5dc9c3a6cd,user_a7f5639895,order_bb4a75cb81,0.5,0.4286,4839.0,88,2,0.8571,1520.76,1413.5,True
ret_39e23a7c9a,user_21b8c4eeb4,order_75186824af,0.5,0.5,4422.57,140,12,0.5714,3739.51,3565.62,True
ret_9119d8dd6e,user_ddb90b2f09,order_d0e1971a2e,0.5,0.2857,2942.87,97,9,0.75,1243.38,1154.08,True
ret_4b4ec47d4b,user_ddb90b2f09,order_6f0b687902,0.25,0.25,2942.87,27,27,0.75,4616.94,4106.55,True
ret_9025e481ec,user_f20c71cb6b,order_206da1711e,0.5,0.3333,17867.49,51,26,0.6667,870.31,804.89,True
ret_6bd3f0eb36,user_f20c71cb6b,order_79a9945803,1.0,0.3333,17867.49,57,8,0.6667,45587.8,42531.35,True
ret_e7abdf6557,user_b8016199de,order_2917b470b8,0.4,0.3333,16310.97,33,12,0.5,811.36,671.93,True
ret_74e7459428,user_b8016199de,order_359af95fea,2.0,0.3333,16310.97,56,29,0.5,3540.72,3121.23,True
ret_07a42a433d,user_b530238be2,order_f039ed7037,0.1429,0.1429,10133.85,14,2,0.5714,3943.6,3265.07,True
ret_967594079d,user_545176ca32,order_20ba8b5763,0.6667,0.4,2592.16,44,21,0.8,2840.1,2839.57,True
ret_8d0b4d1f8d,user_545176ca32,order_ef443209b2,0.4,0.4,2592.16,17,17,0.8,2420.76,2167.8,True
ret_db253bf6c8,user_26b260957d,order_16613e118c,0.6,0.6,1487.71,33,15,0.6,1061.06,1011.91,True
ret_af0b6a12a1,user_26b260957d,order_de42bd8f5d,0.6,0.6,1487.71,38,9,0.6,1972.36,1787.24,True
ret_4dcb32694e,user_26b260957d,order_e4c5e63b2d,0.6,0.6,1487.71,43,22,0.6,1259.94,1232.31,True
ret_fa96cff07d,user_647374a408,order_3e6cf636e2,0.1667,0.1667,2962.34,26,17,0.8333,939.85,885.65,True
ret_322d68fa6b,user_267daaf55f,order_ccc8405380,0.3333,0.3333,12606.96,27,22,0.6667,24543.51,22833.25,True
ret_c909a5541a,user_267daaf55f,order_1109ab103b,0.3333,0.3333,12606.96,30,26,0.6667,6557.71,5442.78,True
ret_0473f46e09,user_267daaf55f,order_5c05e6f391,0.3333,0.3333,12606.96,18,14,0.6667,15633.52,13977.77,True
ret_e0869855c8,user_710392afa2,order_ae5b99b919,0.1667,0.1667,26764.39,30,8,0.8333,46485.39,44949.56,True
ret_db0c4b9ad4,user_9b231142b7,order_6029f6f91f,0.4286,0.4286,34316.2,24,8,0.8571,553.5,460.33,True
ret_1158ba7d37,user_9b231142b7,order_9d9d855697,0.4286,0.4286,34316.2,16,1,0.8571,46202.3,38740.58,True
ret_640c78ed17,user_9b231142b7,order_e3f619a31c,1.0,0.5,34316.2,103,6,0.8571,48119.79,44923.13,True
ret_422e658f18,user_f521583280,order_42abd7ec56,0.5714,0.5714,18999.22,36,7,0.5714,24915.1,22744.1,True
ret_220eea7fe2,user_f521583280,order_d497999a6d,0.5,1.3333,18999.22,118,26,0.5714,2397.75,1925.52,True
ret_21e67c6865,user_f521583280,order_3bb50e2e17,0.5714,0.5714,18999.22,32,5,0.5714,43007.96,39886.59,True
ret_7780162359,user_f521583280,order_82b6cbc55c,0.6667,0.5714,18999.22,44,25,0.5714,7243.43,6268.72,True
ret_46ea0a2571,user_6b0215e18a,order_756a51ef49,0.2857,0.2857,7098.87,12,0,0.7143,4847.79,4146.12,True
ret_80abe34871,user_6b0215e18a,order_6c2befd972,0.2857,0.2857,7098.87,12,0,0.7143,16152.67,14671.68,True
ret_e4029eb41b,user_e18ad5d11b,order_13870a9c50,0.3333,0.3333,10824.76,19,14,0.6667,51869.5,48858.07,True
ret_923f83db4a,user_e18ad5d11b,order_a2e4940840,0.3333,0.3333,10824.76,19,0,0.6667,3098.36,2718.65,True
ret_d8ad94e3c6,user_781a3a384f,order_cfb80eddb6,0.2,0.2,1899.14,15,0,0.8,2412.03,2172.51,True
ret_021de07c32,user_f578cf4597,order_a5c48d634c,0.3333,0.1667,13564.12,40,28,0.5,45300.14,44218.66,True
ret_d68f4fe044,user_da72a1328b,order_0796226a01,0.1667,0.1667,6615.85,19,16,0.6667,1552.77,1249.85,True
ret_d2ba033365,user_65a2bac3d7,order_03069b6039,0.25,0.1667,9526.45,39,29,0.5,1293.75,1271.72,True
ret_c461ec0079,user_d8aab71438,order_9f34767d93,0.375,0.375,5713.19,25,15,0.625,33313.89,32866.87,True
ret_5388fffb48,user_d8aab71438,order_48f8e76156,0.375,0.375,5713.19,19,13,0.625,1342.02,1127.93,True
ret_a072a36525,user_d8aab71438,order_7e12b3ab60,0.375,0.375,5713.19,3,2,0.625,1841.25,1510.98,True
ret_1b317dc75b,user_35a7ab92ee,order_f7b37c850a,0.2857,0.2857,9220.89,22,13,0.8571,53404.07,47332.38,True
ret_d3718a1fdc,user_35a7ab92ee,order_27135be2b7,0.5,0.2857,9220.89,33,25,0.8571,1469.39,1176.29,True
ret_aaf2085d99,user_817712a67a,order_ece86a2f51,0.4286,0.4286,6217.61,28,15,0.7143,4224.7,4018.49,True
ret_f8b7a6c855,user_817712a67a,order_5110a1482f,0.4286,0.4286,6217.61,37,8,0.7143,2071.16,1930.83,True
ret_ef28cf658c,user_817712a67a,order_7a93ace43b,0.4286,0.4286,6217.61,41,18,0.7143,13312.44,11554.71,True
ret_f34ed8f43a,user_d908b9836e,order_02bbb8affe,0.2857,0.2857,9873.0,32,27,0.8571,1246.25,1036.36,True
ret_bb4caeb55f,user_d908b9836e,order_3d771fd432,0.6667,0.2857,9873.0,37,10,0.8571,714.01,702.31,True
ret_3edcd1a7b8,user_4b5832dee2,order_9b8ee845fc,0.2,0.2,7632.9,31,19,0.8,30207.95,27742.2,True
ret_e2d4593b16,user_36ba5342a1,order_2809e73da0,0.2,0.2,2717.52,17,16,0.6,2492.77,2079.17,True
ret_6bbad0fe65,user_f8866683ba,order_95108f5ff8,0.375,0.375,4249.69,16,4,0.75,4619.11,4197.14,True
ret_696f17cd03,user_f8866683ba,order_8c99fdd93d,0.375,0.375,4249.69,35,11,0.75,1436.48,1395.57,True
ret_d2091d32f5,user_f8866683ba,order_c3aeff572a,0.375,0.375,4249.69,35,11,0.75,2203.01,2030.16,True
ret_2207de2900,user_58180c2380,order_f17e2d99c0,0.7143,0.7143,16236.15,34,25,0.5714,1563.57,1434.88,True
ret_d35d7e7bd3,user_58180c2380,order_a422a5c317,0.7143,0.7143,16236.15,29,10,0.5714,7393.54,6453.96,True
ret_b39bd5d9af,user_58180c2380,order_d81f43016f,1.25,0.7143,16236.15,42,16,0.5714,4143.56,4098.65,True
ret_7961f85621,user_58180c2380,order_a788a21172,1.0,0.7143,16236.15,40,30,0.5714,43748.86,35273.12,True
ret_772d49476f,user_58180c2380,order_3e1037e1e8,0.7143,0.7143,16236.15,17,11,0.5714,17795.41,15909.6,True
ret_02f5cbc238,user_ee803f2cfa,order_ac24aa2a46,0.5,0.25,28542.47,52,22,0.75,42934.18,38665.32,True
ret_e53f180cbc,user_71cb682990,order_f2477bf796,0.2,0.2,24578.69,28,27,0.6,46265.46,37629.33,True
ret_85d62d9814,user_3a09b7a5b6,order_09c84b58b3,0.1667,0.1667,18318.06,30,24,0.6667,28432.52,24482.82,True
ret_7a5950ae65,user_f487f49168,order_bfdc9f6701,0.1667,0.1667,19903.07,34,19,0.5,2500.4,2355.97,True
ret_28b9610310,user_99fbc50a46,order_f20bbea75a,0.5,0.5,18601.77,31,17,0.8333,7840.12,6756.59,True
ret_60225181ac,user_99fbc50a46,order_7b8539e513,0.5,0.5,18601.77,11,10,0.8333,51194.8,44887.09,True
ret_1e121a7240,user_99fbc50a46,order_651a472125,1.0,1.0,18601.77,180,7,0.8333,16301.33,14462.01,True
ret_5fa37e1b93,user_c01c92bc57,order_f68d63f75b,0.1111,0.1111,15413.88,7,6,0.6667,1196.28,1183.13,True
ret_b8a84761b3,user_ebfdfea6fe,order_9f15a6f361,0.2,0.2,17751.8,24,3,0.8,2482.1,2048.58,True
ret_4442ea0754,user_ed89e6a097,order_18f106095b,0.3333,0.3333,22947.37,15,9,0.6667,23067.43,20377.2,True
ret_715456d90d,user_ed89e6a097,order_f9a996dba8,0.3333,0.3333,22947.37,47,23,0.6667,36101.77,34690.42,True
ret_f009e69a20,user_ed89e6a097,order_d9c6283173,1.0,0.4286,22947.37,97,26,0.6667,801.13,663.52,True
ret_331ee107e1,user_2ce2fed926,order_4eaf0b1cfd,0.5,0.2857,23289.94,43,24,0.8571,4526.49,3634.05,True
ret_f550cfb7ec,user_2ce2fed926,order_77973d39a2,1.0,2.0,23289.94,123,4,0.8571,49486.94,42239.78,True
ret_b3eb136647,user_0b6c908116,order_6642b1bb78,0.5,0.5,24928.72,30,23,0.6667,21667.98,19132.14,True
ret_602289ecf4,user_0b6c908116,order_eac6efdc4b,0.75,0.5,24928.72,43,30,0.6667,43798.17,43412.83,True
ret_1f057c824d,user_0b6c908116,order_6780331c6c,0.5,0.5,24928.72,24,23,0.6667,57762.97,54128.78,True
ret_090049253a,user_c13f3fef34,order_78cb979840,0.2,0.125,7353.18,42,30,0.75,2082.69,1743.77,True
ret_505502d7b3,user_5be1aadc54,order_3313131e18,0.5,0.5,2551.28,17,12,0.5,3350.7,3125.74,True
ret_56082e0f50,user_5be1aadc54,order_a2f7148ad7,0.6,0.5,2551.28,35,15,0.5,2569.08,2279.08,True
ret_4efd4bde41,user_5be1aadc54,order_565652b742,1.0,1.0,2551.28,284,9,0.5,3152.8,2599.65,True
ret_66475034b9,user_25ad625c61,order_66fb974e97,0.2,0.1429,5182.21,44,29,0.7143,895.69,866.84,True
ret_d530f616aa,user_4ae9d5e159,order_f5acc62df4,0.25,0.2,16573.95,57,30,0.6,1611.05,1529.52,True
ret_38c6fffd33,user_5c80f6d554,order_0ff7de0e65,0.5,0.3333,6261.41,107,4,0.8,2529.55,2497.01,True
ret_003d1bf781,user_10b16ebc2e,order_764da2285a,1.0,1.0,23323.3,232,14,0.75,3403.46,3230.76,True
ret_301cfdbd68,user_10b16ebc2e,order_0313c18045,0.375,0.375,23323.3,16,3,0.75,36339.05,29905.34,True
ret_0254e1e6f0,user_10b16ebc2e,order_2aeadd18d1,0.375,0.375,23323.3,36,20,0.75,5958.4,5101.33,True
ret_407b44f2ee,user_d30bf68f83,order_1abf86b5e2,0.25,0.25,26051.9,8,6,0.75,41380.05,35750.19,True
ret_185998945f,user_d30bf68f83,order_353fdb5bf0,0.1429,0.25,26051.9,44,23,0.75,31267.36,26672.12,True
ret_3b16f314d7,user_d47e112fc9,order_3bf70d5c08,0.25,0.1429,24087.57,46,25,0.8571,26565.27,26262.47,True
ret_e3657dbfb1,user_185ed6452d,order_4c3be042b8,0.25,0.25,27147.88,27,25,0.75,57423.12,48582.98,True
ret_043a8b0914,user_185ed6452d,order_3f4bd6d836,0.2857,0.25,27147.88,38,25,0.75,24796.12,20814.98,True
ret_a1999813af,user_8172bf61db,order_8b838c606f,0.125,0.125,4246.29,36,9,0.625,16828.66,13653.05,True
ret_132faf88d8,user_5120cd3530,order_01e9f952eb,0.1429,0.1429,1989.77,27,5,0.5714,2825.73,2584.91,True
ret_d4ff53bd6a,user_caf5a5d932,order_8775619489,0.5,0.4,2764.88,45,21,0.8,789.52,733.65,True
ret_5bb918047b,user_caf5a5d932,order_f9d2c570e7,0.4,0.4,2764.88,29,14,0.8,840.84,784.74,True
ret_8e6bcf9539,user_047f9876dc,order_dab633bfbf,0.4,0.4,3220.29,8,8,0.8,3003.67,2617.29,True
ret_4178f07dad,user_047f9876dc,order_24e7266043,0.4,0.4,3220.29,28,24,0.8,315.5,308.8,True
ret_6c275b53df,user_9070090ab6,order_d726ccd089,0.75,0.5,12335.17,55,18,0.6667,3541.5,2867.99,True
ret_8d8b583696,user_9070090ab6,order_77a536936d,1.0,1.0,12335.17,365,10,0.6667,962.19,834.88,True
ret_5ee4ca6e32,user_9070090ab6,order_84652c99b2,0.5,0.5,12335.17,33,29,0.6667,59925.21,55631.57,True
